file_md5,work_group,recording_group,source_split,experiment_split
005ef30d06559e7ab97af42540e4a9bc,cc220e0485276470799972ba,fd972150ed3509d552635b1d,calibration,calibration
00c05e16e26663ccbcd089b873770410,cff124e5844f819eb002d6a0,2309ded37b14fd5d3d516187,train,fit
00c119349820350d2fce0ff82b3cb0e0,f3c643ea795240c73b043f2e,c1c5944c3664f2761b883859,train,fit
011780bd467da8e85119f9da5a8315fe,c5041164b1bf99f86aa392ba,a1ddb47929f74bda32ee359c,train,fit
01c2375402c6ac71a6087156a2472bf5,182bb3d9ec56b379eb3c2bb3,7b79e4037cec6d6530e8b75d,train,fit
01e85330e2c5b508f308955804194a03,730fb1901d3f12b6db6323b4,3434bff0289eef5ced19eac5,calibration,calibration
0201a2541659a5fdccc08bf5ef2c6e0e,db6bdf7c330e27f06ce52c2b,f8d4ebfd3c5708f173189a69,train,tune
0257110d597bc6b1da3de215ba9ae4d9,af930af6f6e75fd8f389c2d4,7655ca3d47b97e5b5deaf838,train,fit
026f640c6732c7c8c9f7fe640ff5ccf7,e257004e17518f9702b9a463,bd845d6b9255cd44e1a353a5,calibration,calibration
027eee60e875d9543de1ccffec52730c,db6bdf7c330e27f06ce52c2b,67a77723d02ec2ecf1abf2ef,train,tune
02a278ead1797fdd152b3866cb099e03,279f6b6e5fdadddf720d34d4,90b8d6354d25858a5a4cbd1a,train,fit
02e1b5b98e917bf14486be1320dd35b2,bc19f8e44cfbf64980921f1d,fa8004e3dede9462dca01289,train,tune
03581d53664e553ea1bba8e220174d94,813b64a7f1fa32901f55d488,46a584f4be93c6e88f7223a0,train,fit
03dc4ee64af829396227170f1c1d670f,450541b742d6689cf922161f,f98f0d3e41905431b17af8f7,train,fit
03eb725d73e98dd52dd026fe8c31e531,e15571ab2eff31fa9c451fb3,7c1ed19f6e286dc0ec4baac0,train,fit
03fd9d21b1bc89bd14dd83c92a30ff84,723b18260faf96c16260ce29,ef988e8f95c0410be4eee971,train,fit
040ab234e6b3dfc62e2d23c9a49ea46c,785b3e7e9418841b5a47f2f7,457dbed0d90b2637802e8d17,train,fit
040dd41b044432f900c5dcd51094ce11,6152a2bf727060aff28878d8,3bb08d81cc8a3431a1382a2f,train,tune
0465bb32b04843e1deaf8ed89e47152b,4bfb42a11bed7a2412ad132b,b71decaa698275fa6b433661,train,tune
04913f26faaaa017b7bc8963dcfbe8f1,785b3e7e9418841b5a47f2f7,72af515f0077bcfe880732d8,train,fit
04c137dc7e7b47fef3e13f95a4a185c5,bf1cf5b6e04de1251139c6e8,fa2e3ccb4d8415ccbca37a1c,train,fit
052829b2c0f6e8a648b6269053a9aeea,1a7eb3f6d89e4a3ca265b382,aa9414acfa923fc52493e9f7,train,tune
056251f95dade80c09c2c20d5f734f67,37ab7738ffd235ee411e187c,ed4a6dcc67b135136b4c0f86,train,fit
057fbdd3b4e5bad7a4332d404bad2084,695c96c5dda174a4f040fee3,9fa5cd7a718d47e30e97f5fd,train,tune
07c88cc63a18e88194ceb9e05232b02e,9d0e10e1c75e253ecfeb1f9b,7f00bfe0f2a78cf763b7aaab,calibration,calibration
07cfc7a3954f2c9fb41b895c9d4c1f0f,f63b02b591984aa04a73e26c,45d58f4823319be54850095f,train,fit
0801eb49a7cda500328ecd718e264817,db6bdf7c330e27f06ce52c2b,27d2a587a3a99242f1d2e083,train,tune
080f36f18753af0d26a6b8881b8f97df,129736b216fffa8fe4ed8e8b,36837d9e7f77b707821a7dfe,train,tune
08689e69fb6896e33d1b633b11894a9f,e9b7794a56b93a012579b00b,4cd08e8de2e5b6fec99d66e8,calibration,calibration
087aab459232d5ede60d9df90781c3d8,831ce1013970f26b94909a96,a6943abcf73edcad5092d886,train,fit
08a82cf2f84529149a676e1f38f7a4c9,d51e01108783a47da1e5baa6,f01a64d1e44a2bde25665f10,calibration,calibration
08ca90a885f3b392302fad5a4dd6fa59,7c18a4f43d554452d17fe95b,53c049e7c356546a0f6863ab,train,fit
0927f9ed28e0b1161039f3a006b1b60c,146b8568dfa29643781eb5c6,5a747356261afd2a0ec94b91,train,fit
0a802d60bcbda3f94a0f689ba19d8512,03bb8ebbda655c219d7653b9,7a2addb06df173b3a84aa72a,train,fit
0ae0d93d153bb9fe6393fba3798df36b,fa4b4f407f8acfa02ab9f533,adea86aed61fd4df1f9d22cd,train,fit
0b32677c95926e917970fbf598f9b689,8200a47a6ca9618d04b264dd,2b0203d1a91e9401c3c64491,train,fit
0b4849b6f52574237bc40343d6b894cc,a73c9b461ac1840429cd53d4,2c779b6fd5a9d76606cb1aa0,calibration,calibration
0b79c1cbe957b992dec2aba47cc08ec9,da1012afb968710a4adf9df7,07600fe32875b7b61384dee4,calibration,calibration
0b9aaacabae7145c224b9204fd1c7786,730fb1901d3f12b6db6323b4,3434bff0289eef5ced19eac5,calibration,calibration
0be7d290d8dffb27dd2b107f2f101494,023fa7fcc7997bb622dc2af5,e3bfa8dd9e8a07b291eea5af,train,tune
0c2cffecf3cc66841cc618e758e60c2a,ba7760f927decd37f52e3e0b,2d83ba511d22a424d9de93a9,train,fit
0cf4a74f8b4333e457240312ade58060,f3f1171d21d6583cced3c5af,682d036ed2d479dd7f812821,train,fit
0d1638705d5c01429f644a6a307a12f3,d03da9b2ba3034d64ec5c815,892cbb235a79d88eff9da5ce,train,fit
0d4618bede0d6ce125134a84ee3583bb,8fc282c294be77e0d8701b6d,d1bdc7a03b7a12728e687728,train,fit
0d6ddb5c90dd6f9acbbad00f37661693,730fb1901d3f12b6db6323b4,e1a96e6006820ff065d81d65,calibration,calibration
0d7decccda9d1d00625404f578d69a6a,033822bc7e351df31e1dc845,f70479cf29070ef5d4c0361e,train,fit
0e6a8b9744090d4cca5e359854f80abb,f66f6e86e337f6b7e3e28a57,f540a5e863aaa6c814419be3,calibration,calibration
0e8bb30b9c7d4d6e042928e944a40c81,8a299d74de01c6c938c81838,c50612fcbc10d5e6c2ac4515,train,fit
0ea80547d8834e8715dcc4f9d9b7a343,883edfb979ebc5a358034d2a,779974250cc34e21ad2f3ca3,train,fit
0eaf28860f7dec3d62c8f6639080840d,db6bdf7c330e27f06ce52c2b,b6d1e536d4ac1681792a89ec,train,tune
0ebc0fb3402b7d2ac0753832649fa0f9,1c379a2aec4ee615eba1c356,192ea09d746166934050bde3,train,tune
0f1ab2a2fff67a873e0b050cc306056a,4ead96eb6b56b255274fb4ac,0a9bb4f0d0c6f83d9f291148,calibration,calibration
0fb2738cc10fb0799c359bfdc3c95947,9d0e10e1c75e253ecfeb1f9b,7f00bfe0f2a78cf763b7aaab,calibration,calibration
0fc554e322844f66e9605928b0b082dd,3f65e65eb673a8021884fae0,6d33eddbe33cd23a360cbab5,train,fit
10b3fae1c69344195e77bdca78ded098,b2948473d57e8419be8e7d84,7d74bf0ca328f97c585ae5e6,train,tune
110f9ddf22422a776dbfd84075f1d3ed,8640eff6201c8738a35881a6,c7057c2ff499f857de0e57d8,calibration,calibration
11cf9fa9515b306554acd358e866fc2e,9d0e10e1c75e253ecfeb1f9b,7f00bfe0f2a78cf763b7aaab,calibration,calibration
11f1c9ff463d6626328a84a54e14258e,d7af677cb2606455fd3bd1ec,cecf4c5b63343b8b240d2ddb,train,fit
12447459a246a62c0870fc3385aee01b,3f310385c1045b2ec5316e03,bbd83c7c0e38ff88af2210ad,calibration,calibration
12710d58d8a029af4eac8b6192cb60f1,f63b02b591984aa04a73e26c,45d58f4823319be54850095f,train,fit
128f0968b50b251b14bc4e16b1e0dc06,450541b742d6689cf922161f,f98f0d3e41905431b17af8f7,train,fit
1318c9c0586ff8223528fbe8157eb025,a9f7acc8acd414374b864f82,8e06f3d6c5c931788dced8d3,train,fit
1374fc876b3e9c054406e7823f62a15b,db6bdf7c330e27f06ce52c2b,27d2a587a3a99242f1d2e083,train,tune
13d88a97e0b842c845f2d7920edc53d1,9f6bbd1195ffad0bd5e0e66b,34c51a6c0abba58b3d0af946,train,fit
13e1caef5796edb842a0602cf111c7e0,560e298300292859bdc4a864,a21549b6148e59f8bd9dd11b,train,tune
13f7435826a42961ffa04acd9797190c,fe0116211f382c286f59aec8,8a91cab88c124c90409391fd,calibration,calibration
1418a5182d4d55d2f100d43709088db2,707fa3eabc67fb65e1df4e27,88ddedfd4e0e0558dfd510d3,calibration,calibration
1466b30db6568938b87f0ade0580e3ec,2a265ab48d1404ce78953de3,7f4845c58927e17d3a16b9b5,calibration,calibration
1477082dac2ff85b0a290bee78903aa6,e75bd5630b3c884b430c81b2,d602b4b4adb68313efdcaef5,train,fit
14dd083bb161517d32f956dadc636b21,c6e3821c1487c7ef20d9d619,d3d9d4e1ff7c0251049439e7,train,tune
14e36e4e7d4c805d575ec8615e784774,81389228a1a18e7b8bb74127,c4d30a6b1f3ffeb994abbe1b,train,fit
1518cf81224a9d0f0577604edb83e6c3,ef850c78d8e9881cc98ba511,76f3fffb7887ac716d41fb37,train,fit
1539bf4a4eace489d212a56877c55cc4,ba4a89be289b618c03954780,0c3851404e0f5e00f9bcd0a5,calibration,calibration
15505cc07dc33cc64429159b39cb1074,695c96c5dda174a4f040fee3,9fa5cd7a718d47e30e97f5fd,train,tune
15846a1c24933574cb501b432715ba03,c28886f8f13295326ede01b3,4ceff97c4c9ed8f7f4bc4979,calibration,calibration
15c365537ab957c225499be9c948541a,2752f5aa597ec632ff863c81,4b90189b429b80f63fc744ae,train,fit
15c6c66fcf8c5d1bd419a1134a7d1468,c5041164b1bf99f86aa392ba,a1ddb47929f74bda32ee359c,train,fit
15dfa397d59fef519e980eb62da343e1,b2948473d57e8419be8e7d84,aa8de93cfb153b9a75e71ebd,train,tune
160ede6d9ac18560b7051b719dc838b5,6c5c6e0d581f8a1e9125137d,7abaaf45735d60183b83f60f,train,fit
1615181aca3966eb52551528b962ff28,8640eff6201c8738a35881a6,c14b81dd7ad805f6551fd4a2,calibration,calibration
1639c31a0dd9b9fa2fd84479af255126,d9a72a0d98cfaee1eb23e866,95326c3c849230e0e339a540,calibration,calibration
179582cbf4c16a2d2df895d05eab33cb,4d3f07e3526acf5e50fc354a,a237061701bccd6ccf99609e,train,fit
181fe6b7284457909f8018986b1ba1e9,a0fba78c7d95ce3546e7376b,30ad27764eef3865e61477fb,train,fit
1852e621c962eddd63fef7f11cb725f9,4528160bd4c1a0a615728c33,5e10cd558b710f8944247630,calibration,calibration
18818bf375a063f67a0b881afda2b377,a0fba78c7d95ce3546e7376b,30ad27764eef3865e61477fb,train,fit
1891d2167adfa0e74c19ad4edd936f25,ab30cfc3df1b19c56e5cc7c1,fe5388f76a4e23a565981976,train,fit
18e4a96cb2cb951d78e1fbfbb092d9a2,f66f6e86e337f6b7e3e28a57,8b8839f9d1dfc8c644974dd7,calibration,calibration
1978e8f0c867c5aa826915da4a5f994c,723b18260faf96c16260ce29,ef988e8f95c0410be4eee971,train,fit
199f6e1d2168a4fdb20306532b8998f8,4bfb42a11bed7a2412ad132b,b71decaa698275fa6b433661,train,tune
19a22f3de825279b8d3102545ecfb96d,03bb8ebbda655c219d7653b9,7a2addb06df173b3a84aa72a,train,fit
19d200daf1c7b2bcbab407318d898253,8640eff6201c8738a35881a6,8366013d89922ee33e11e2ec,calibration,calibration
19df6be1c870f8371ec3866dd5ba3d5b,db6bdf7c330e27f06ce52c2b,67a77723d02ec2ecf1abf2ef,train,tune
1a043ec8eae905d001214dd5e4f51926,03bb8ebbda655c219d7653b9,7a2addb06df173b3a84aa72a,train,fit
1a05b4888f2e78dd5d34b461da046e07,033822bc7e351df31e1dc845,f70479cf29070ef5d4c0361e,train,fit
1a3b7024db32bde38720e6142a072bb4,2a265ab48d1404ce78953de3,61f7ab69419b4ac314fb4064,calibration,calibration
1a7a82be0bf36da62d018707cce671ca,d51e01108783a47da1e5baa6,f01a64d1e44a2bde25665f10,calibration,calibration
1a93a275734dc6f503c632606b4f437d,db6bdf7c330e27f06ce52c2b,f8d4ebfd3c5708f173189a69,train,tune
1ab9946563ae0e19dbb29fb4373dedaa,279f6b6e5fdadddf720d34d4,58d0e6f51ec4e0367c8ebdfa,train,fit
1ac178f1115e8c99937c4ce1162e5072,c5041164b1bf99f86aa392ba,a1ddb47929f74bda32ee359c,train,fit
1b6f23d2f7a15a9e40cd621376a1e3de,07dbf18d6e4945e5d0cbaa3e,48ba21184fb3f966be44925d,train,fit
1bd4ecd9aafbe41c4df4b0e4f9f690bc,695c96c5dda174a4f040fee3,9fa5cd7a718d47e30e97f5fd,train,tune
1bfb7f285464ed7eb070de9647660af7,146b8568dfa29643781eb5c6,5a747356261afd2a0ec94b91,train,fit
1c3bd0d40c51aafc60b86882b27bbd8f,ab30cfc3df1b19c56e5cc7c1,fe5388f76a4e23a565981976,train,fit
1c45038016e7b9cd2d7641a895cdf3b5,da9c554980973c42da1ea9d8,57ac1e61d45f6042e16bf9bc,train,fit
1c7ee5b15bec7d706b816187680b8c65,9349424cf996a81312648b56,f8c53e7daa0d686bb8919607,train,fit
1c90cfdffdfb9045779c9b1e46c75e2d,146b8568dfa29643781eb5c6,0e9441a2db0a1708ae6ee544,train,fit
1c938e4cad64469eb406ad323fbc4c8b,8fc282c294be77e0d8701b6d,d1bdc7a03b7a12728e687728,train,fit
1c9fd1d5a2eb4615b1bbd8414f8b2baf,2c6e9aeb29630380ea26a708,d34bb5a9c32cd27b9750b038,train,tune
1d1f84f09eb4b58888566b4cd1d364c0,033822bc7e351df31e1dc845,122f0b8f850d64145d6ad283,train,fit
1d78a66d4922a627ed4f195889613079,e9b7794a56b93a012579b00b,4cd08e8de2e5b6fec99d66e8,calibration,calibration
1d83a4b67334936cd81f6c1bbbe6ba03,db2d95ff837023c5c0b73035,a849bf9bafae7bfe8c82b718,train,fit
1db45c7cecb54c800af34e39a65cdf38,1a7eb3f6d89e4a3ca265b382,aa9414acfa923fc52493e9f7,train,tune
1db9cb3b69417c8b57a99408eef59aeb,8fc282c294be77e0d8701b6d,d1bdc7a03b7a12728e687728,train,fit
1e183774c57b1fb7e9d40204eb6e57f7,af930af6f6e75fd8f389c2d4,7655ca3d47b97e5b5deaf838,train,fit
1e56dc368d2f2ab7975135ecc26a1c8f,07dbf18d6e4945e5d0cbaa3e,48ba21184fb3f966be44925d,train,fit
1eb65582c0b80908cc9d405f5292b09a,07dbf18d6e4945e5d0cbaa3e,48ba21184fb3f966be44925d,train,fit
1ef43219e92a0dba7b1da2a7a4becb7e,ca621a4346a1ab4404db2cf1,688e3667750cc1f946ac0048,train,fit
1f86e134fb1aee8b30bedf68325daca5,955d1fe51d5373c7ec0a992c,8f70c4c1d7a1415775af9ecb,calibration,calibration
2014368efd738061f8728bbe9f5a3f59,129736b216fffa8fe4ed8e8b,01267faba866021567c9b5aa,train,tune
209f7213b921c8b72a480c6ad2cefb45,70dc294427ddaacdf3c8d370,9b45b8a6c3c18100545436a4,train,fit
2156b8c94e676c570207121eb70f57c9,da9c554980973c42da1ea9d8,57ac1e61d45f6042e16bf9bc,train,fit
2237c73f667689ef578f8a331db8a8fe,c5041164b1bf99f86aa392ba,a1ddb47929f74bda32ee359c,train,fit
2261bac836cb1654996a05bd28d769a2,b1ba6d2f93fe3e2fcbf9b8da,d85cac9b3d6e9ff7e6c80d6f,train,fit
228d14318c0b1388cb9ec620464bab9b,5cceab3f3d6670e3cad32a4e,b5075781e80d15f16535d768,train,fit
22a986c6f14b8cf1b417164d584c4920,90469c4126e88b3a4e4fcf60,f0b0ce0ed4ccab0515f74c49,train,fit
2330ada91db59950eac4da6cad4aae42,cff124e5844f819eb002d6a0,511d489e63a8d48314e2adac,train,fit
234abee12865d0d38e67e7616ca71793,40b7070a3d83c5693a2a0966,25df9ed3152e98f798128859,train,fit
23fc50cd4044b53eab4f52673b9f1b0f,30a5be0b7b4b8d54034cf79a,15f821d5713b1ee0e865d003,train,fit
241c2a57be31727dcedeae80e5583e18,fe0116211f382c286f59aec8,8a91cab88c124c90409391fd,calibration,calibration
2474389814397c494a42db92902be7ac,b2c9c58c0db9e0357aa3d2ae,340510ede53c7517e896cacb,calibration,calibration
2479d181a1b709a0070ad1c10d834a6c,2752f5aa597ec632ff863c81,28a46bd5ba28f34735b39f50,train,fit
24fffa18d59aff013882d3f266659130,1c379a2aec4ee615eba1c356,192ea09d746166934050bde3,train,tune
253a5c6d868da6146a67149a0753d1c8,883edfb979ebc5a358034d2a,779974250cc34e21ad2f3ca3,train,fit
253de606b83510835e6197124e060e26,83b82ce65e05a1592e9bc38b,f3872055f35b128065c1198b,train,fit
25560867b1ab36a5c2c2137f79cc9b4d,db6bdf7c330e27f06ce52c2b,f34b406daf9ab924a6af18ce,train,tune
258367f0f7c300cc196aff5f62bec1a0,90469c4126e88b3a4e4fcf60,e60ac1db904564e1dd93d560,train,fit
25b4fa0b26274051e06b5b769879dbb8,033822bc7e351df31e1dc845,f70479cf29070ef5d4c0361e,train,fit
25b7295ad8e71d35536f0efbe8e1d8d1,d2220c67bbbea458e67d3ccf,027e3fa001afc27a7f88930c,train,tune
25cdb4d3876aaebbfce678981a614eac,8fc282c294be77e0d8701b6d,d1bdc7a03b7a12728e687728,train,fit
25d0c13163492052c5c87386a02c11f9,883edfb979ebc5a358034d2a,779974250cc34e21ad2f3ca3,train,fit
263af81a9e92fb0944888259d864aa26,c22dd879a4d713169ce79c7f,e213d2d966f2afc9ff2d1348,calibration,calibration
265b55b1ffbafdd2c2ddb232a75305ee,450541b742d6689cf922161f,f98f0d3e41905431b17af8f7,train,fit
268cce92d94088c1a724f4b609c9474c,40b7070a3d83c5693a2a0966,b14a0f31a6f95f671227ac87,train,fit
26a3f92b50694e004cfe89bd9a9f2f8a,3e22d6fde06cf6514b86e50a,30b46f3143e3dacb1e77d6e3,train,tune
26e030002dd1f1a7c4c13c65513b655c,f63b02b591984aa04a73e26c,b5bf975859a28c318a37e5ad,train,fit
270f3c999d249ec8d417f84eea57ef44,ef285f73b151f1d3c1a1e547,a9f248ca557193e19cf43432,calibration,calibration
27171adad5e88819f327ba248843377c,db6bdf7c330e27f06ce52c2b,0b6ed7316616bba74e172c98,train,tune
273bbc21713ac5611a3e826a2bd1ba81,4ffe6a9ab2d62ca99dc3ce13,e8265458ab3c98f18b7b84b2,calibration,calibration
2840ee87c9e4eadf64680d55ab664c54,6b5426487d3767d2752d43b9,71a330be9be331e8efa15019,train,fit
286949c139a19b6be241beb3b6f37867,182bb3d9ec56b379eb3c2bb3,7b79e4037cec6d6530e8b75d,train,fit
287155b28e498f368f7a5d30c51e4e3e,c70089baae1375060df7565d,6fe55a4b3f51d0eca55b286e,train,fit
289c31ada21097002dddad231f99eace,723b18260faf96c16260ce29,27052e9758eb9ca8db677719,train,fit
28a287a41d631cbb01591e5b9208f7b5,cd7b211134c1ad94976b997b,898bb08b509fd5690eb56542,train,fit
28ac99a558dd117c24e69379ba84e142,d51e01108783a47da1e5baa6,f01a64d1e44a2bde25665f10,calibration,calibration
28ced6cfbb8c81e157acd5964ef18244,023fa7fcc7997bb622dc2af5,e3bfa8dd9e8a07b291eea5af,train,tune
2909845224d30429e7bb0ec6c405f146,2a872006d9e4006dfd5ec4cb,c81844be63414eb5d652aa1e,train,fit
290dbf7e3b10e2a87cba271fbd498466,4ffe6a9ab2d62ca99dc3ce13,e8265458ab3c98f18b7b84b2,calibration,calibration
29219100d9bd4ab0c5d84c53f7439758,e15571ab2eff31fa9c451fb3,7c1ed19f6e286dc0ec4baac0,train,fit
296043dc02195568069f2e99bd5b1dda,d68809bf3c36844300ed51b0,a4bb4052b2528e4392d73222,calibration,calibration
2969c2ee96a3e42d4b95b2816935a8c2,033822bc7e351df31e1dc845,f70479cf29070ef5d4c0361e,train,fit
29845b94f9769624ed0761e8269decd5,9f6bbd1195ffad0bd5e0e66b,6cae8e441d092fc626b2def4,train,fit
29ba0ff459dd914cd9e67cedd26ff8ce,4843e73d025eb0223b4f890a,cfcc638ecc53c9ea7929cbc3,calibration,calibration
2a2ac381acefb2e91fad75820a37205e,ba7760f927decd37f52e3e0b,2d83ba511d22a424d9de93a9,train,fit
2a6d4935b6ce543097dc4966ff1bd1bd,450541b742d6689cf922161f,ff925105a0eb353391cb7cc1,train,fit
2a77f3ba6203e1071b6297392ea02de8,bf1cf5b6e04de1251139c6e8,1b599e628e637482b50acad3,train,fit
2ac3d1a97151711b9f619723d6519986,c8dea999a56673d347fb095e,4daec175aaafed1c4190ae97,calibration,calibration
2ae06e2acd38c9f3b558ebb9148e130f,e9b7794a56b93a012579b00b,c6ec2f3d2d8aceb09180da23,calibration,calibration
2b8fad176cf420e303c22976dbf95bdc,cd7b211134c1ad94976b997b,016635978d55b502cb765c06,train,fit
2bb708027aa7b106f56f94577bfedd6a,1a7eb3f6d89e4a3ca265b382,aa9414acfa923fc52493e9f7,train,tune
2be719209d79a51073137e424b4e5c75,cc220e0485276470799972ba,fd972150ed3509d552635b1d,calibration,calibration
2be933d02b4a99da13e4c2e056df2ab0,83b82ce65e05a1592e9bc38b,f3872055f35b128065c1198b,train,fit
2c2011add6e839bfe989b95697e8060c,ef285f73b151f1d3c1a1e547,9b4763308f409941dd186d98,calibration,calibration
2c382737aad821978f2788e674dac7f7,3f65e65eb673a8021884fae0,be8065f03eb4b70052f61837,train,fit
2c9535697b1421b78c31fa2968f04f66,028288edf952dfeaef3fb2c8,3b944c9d6d448573ae4030ca,calibration,calibration
2ce36f324f48c620b013ad379080d3bd,66d564ef8ee57ded736003bd,23cb13085d27d0106df35b48,train,tune
2ce40905099dadbf3c25573b77e212c9,580e73e7c52459869bae72f0,8eab169f6bd2fd70f642ed39,train,tune
2d3ab8a81028f5a451952adf0faa89a8,3f310385c1045b2ec5316e03,55e8e74669f058a25546f25e,calibration,calibration
2dc9007321be9f2356d36b5b39783d45,6916558ced648d403e7fdc8b,83c170dbc24d6a1c96f84974,train,fit
2de5c6c878f69306a56285039927f2ad,d9a72a0d98cfaee1eb23e866,95326c3c849230e0e339a540,calibration,calibration
2e0f216661a449e0f17f45170a457f48,4f5a6a97bf88722304b5b3df,d9f2af47cbdc54ea05a7bf46,train,fit
2e11849b0281fce3a0c97a914ab523aa,129736b216fffa8fe4ed8e8b,01267faba866021567c9b5aa,train,tune
2e6e990de3b42c256471621bdb423526,2a872006d9e4006dfd5ec4cb,c81844be63414eb5d652aa1e,train,fit
2e762d0eec58bd0cea4cb3cb2e2d0c83,8200a47a6ca9618d04b264dd,8d2e7804bf4eb0dacc262431,train,fit
2eb7e9f9cd4423ceafb2689df9033740,db6bdf7c330e27f06ce52c2b,0b6ed7316616bba74e172c98,train,tune
2ef8e47e59e813bda01f2135ccc400f7,db6bdf7c330e27f06ce52c2b,f8d4ebfd3c5708f173189a69,train,tune
2f3c733d041fe2a96d07545ff2a62a0c,cc9ef9959e6f57a5ad0fb1e7,4adbe2991ee8bd4119d6d6bf,train,fit
2f4ad7fb285900a34a155c41223e44fb,182bb3d9ec56b379eb3c2bb3,41f1100d2a012ccaed4ca16c,train,fit
2f545ff66c00e7338f2658161c7de814,4d3f07e3526acf5e50fc354a,ed3febde9cf5288e5927e0e9,train,fit
2f9157729802fea79f93741ba0c57014,d43ba05cd32b1eafdc929254,4664a247622592d0d701c10d,train,fit
2fdde7e35d73b93d750af287f7aa857c,3b2121ac1287f69c57fcd3db,7768362831bfbedaf7d96aa7,train,fit
3002971dc2d80a1a293402162770313a,5cceab3f3d6670e3cad32a4e,b5075781e80d15f16535d768,train,fit
303642502735d4bb7e543177d9d14bf2,8640eff6201c8738a35881a6,c14b81dd7ad805f6551fd4a2,calibration,calibration
3056809a7b8fa59528f0a5bb64f22d2f,bc19f8e44cfbf64980921f1d,fa8004e3dede9462dca01289,train,tune
30e04628ffc575cb04d2977d4f49e8c5,c28886f8f13295326ede01b3,d1f4a477ca40f4ecfa8342e3,calibration,calibration
30edcb7bbf32ee6643f86f524e851285,e95b9e381fe4369608a9f158,3b44070322b80e9e2d251281,train,fit
3125bca84ff6bff387f82e339a6a0df1,6c5c6e0d581f8a1e9125137d,f24f54be264da3fdbc6edabb,train,fit
3161a749118c13469aae3c4f4fa55f89,4843e73d025eb0223b4f890a,cfcc638ecc53c9ea7929cbc3,calibration,calibration
316a42f7f290406c180df1507867127c,e9b7794a56b93a012579b00b,4cd08e8de2e5b6fec99d66e8,calibration,calibration
3181c89e5be35f10c5c7775946d888d9,3f65e65eb673a8021884fae0,be8065f03eb4b70052f61837,train,fit
325d3402f7e28c172da697e51eda1a15,c6e3821c1487c7ef20d9d619,d3d9d4e1ff7c0251049439e7,train,tune
32d080d6e46411e651c12c7280d8dcab,8200a47a6ca9618d04b264dd,2b0203d1a91e9401c3c64491,train,fit
33f8988cbf735236fba09bdc3f48ea69,8200a47a6ca9618d04b264dd,8d2e7804bf4eb0dacc262431,train,fit
3491b959fd3367ac5776f862d37e9ad6,ba4a89be289b618c03954780,03c327fd059dc64c254e518d,calibration,calibration
3492cf489be269fdd87fe510fbc17d46,3e22d6fde06cf6514b86e50a,30b46f3143e3dacb1e77d6e3,train,tune
349c73e3763f9a042f47d22bef5ce61a,f3c643ea795240c73b043f2e,c1c5944c3664f2761b883859,train,fit
34cf8501649746c9381281c3c9254e53,2c6e9aeb29630380ea26a708,d34bb5a9c32cd27b9750b038,train,tune
35080a81d94721bc312b85c510aeadc2,a0fba78c7d95ce3546e7376b,ca567c59f0d33b298a1468e2,train,fit
354e026a0658489fe87349475540ca9b,25c79248246e2e902a0cac07,3c61674a34b30b2ff49d1229,train,fit
3558945bbb0bb22d52c36ff55a94853d,da9c554980973c42da1ea9d8,2c3d78f00f1fb51d1d8cfa8a,train,fit
3576dae1e1f3cd4066a4f476d7b9eff4,28a21fe866d84aaf8c00b7c2,60ee537c2674d6269eca4bfd,train,fit
3577f01c487703700787d0b529fe24a0,182bb3d9ec56b379eb3c2bb3,7b79e4037cec6d6530e8b75d,train,fit
35d09f92ae550db82e2bcd9540fdb8f6,e15571ab2eff31fa9c451fb3,7c1ed19f6e286dc0ec4baac0,train,fit
366c73c69d98b4d570c841e31aa781d1,9f6bbd1195ffad0bd5e0e66b,6cae8e441d092fc626b2def4,train,fit
36a148e0e137fe840d127ca6cfd06dce,90469c4126e88b3a4e4fcf60,41a3e08de4e6d10a37a34789,train,fit
374b5f2fae7c584c612cd1866b45983f,7861c8aef83c23620e46da0d,f38a60dc34c76388630e22ff,train,fit
3775ff02878ea8bd61e691bfe1831366,43d4b5206dd4467018442079,5b5d9a8a6271ff07f0543f4f,train,fit
379f47684d8f02cc7c9fc11e43093184,883edfb979ebc5a358034d2a,779974250cc34e21ad2f3ca3,train,fit
37b16f73238b29ee6f58a82a1e5354e8,9d0e10e1c75e253ecfeb1f9b,7f00bfe0f2a78cf763b7aaab,calibration,calibration
380b28b9437d38df1020d2b71dbb0ecc,6b5426487d3767d2752d43b9,71a330be9be331e8efa15019,train,fit
3834ce9255e4316dd276cc7bc3338432,e9b7794a56b93a012579b00b,c6ec2f3d2d8aceb09180da23,calibration,calibration
387748c77d70b5dd67dbb8c78130387b,a0fba78c7d95ce3546e7376b,ca567c59f0d33b298a1468e2,train,fit
38849ef76ee6e6af292a245e58c16412,904c64e58f546c7782e46ddf,f4a7024ab55e0cd73c7b15ef,calibration,calibration
38d578c0294e487377eb0124549e78d7,5cceab3f3d6670e3cad32a4e,b5075781e80d15f16535d768,train,fit
38fe47ff797c88ab09ed5d708834bc7b,d68809bf3c36844300ed51b0,297e7c66387d912383d90f3a,calibration,calibration
3983e16e40c922cf1eaabae6dcb7a218,7861c8aef83c23620e46da0d,f38a60dc34c76388630e22ff,train,fit
399db5f7a07351e00e2ea8c4fb1c3841,70dc294427ddaacdf3c8d370,9b45b8a6c3c18100545436a4,train,fit
39ee94c2c1a0c620881d6f0b1f5809a0,4f5a6a97bf88722304b5b3df,d9f2af47cbdc54ea05a7bf46,train,fit
3a0e08597088225b13edaab26ce1e7d2,a0fba78c7d95ce3546e7376b,30ad27764eef3865e61477fb,train,fit
3a20153c20598658de2d0961c8f9c4d5,d7cf2ce908a360d8d057de00,68712d6a1e5ac1b9ffa4d90e,calibration,calibration
3ac8d5225a90b46928862e66817aadde,26f6101ceda8804b31d69330,dd982b834277b19a305cb283,train,fit
3ae8f62e389f89a05b00c3aaf34d794c,cff124e5844f819eb002d6a0,2309ded37b14fd5d3d516187,train,fit
3b7013ed9218ac9f051c964871e92d01,59d9d0a3e69f35103591aaa9,36f78ba35e48e35336a13b0a,train,fit
3bad77c0db7a79546b57a6b2cb14b16d,db2d95ff837023c5c0b73035,8c8c1071c10f4b42574399a9,train,fit
3c685883330a9a22613a6e79245ca826,279f6b6e5fdadddf720d34d4,90b8d6354d25858a5a4cbd1a,train,fit
3cbadbe2d30318cdbaa1c929d60a8756,6152a2bf727060aff28878d8,3bb08d81cc8a3431a1382a2f,train,tune
3ccb44c89a4bcee250dc51742fba39b1,022a3a399f1feb3bbad5dbab,abb1629c74970f55341383c7,train,fit
3d17ad204b317c376d75ffdd9370fd6b,8fc282c294be77e0d8701b6d,d1bdc7a03b7a12728e687728,train,fit
3d26cb2e96e5d956172297a6b439dfc1,d7cf2ce908a360d8d057de00,5ba2d4637d05737e8451f5f9,calibration,calibration
3d4032ffacaf6abd9e8ac38b33e1079b,d2220c67bbbea458e67d3ccf,027e3fa001afc27a7f88930c,train,tune
3d4bf0c11fe27a15bad146594dc43d2f,a5f6bc7fceb0817fb9e8ecdd,a3dfeb438911938b98eb98ac,train,fit
3d61c99668da953a4e042257bf349d7e,665d5c61d61714e0ce22c5bb,8f538575957675b44addbac8,train,fit
3d711bdaa5a3a410e54887f544f56408,e9b7794a56b93a012579b00b,c6ec2f3d2d8aceb09180da23,calibration,calibration
3d77de7026d4823705b8dd183226ae2b,2153b6f0784f87ea04e477fe,55aa4fd9a89efade1017e0c4,calibration,calibration
3e187ce6a0d3898d2b74a5d1127c0596,a73c9b461ac1840429cd53d4,2c779b6fd5a9d76606cb1aa0,calibration,calibration
3e1c9dd9146041bd640ca28b49aec1a2,955d1fe51d5373c7ec0a992c,4b5434ba9c00a19a57133402,calibration,calibration
3e60da89dc4ad3898613777384ac2f82,d2220c67bbbea458e67d3ccf,3068cd1b02e47542f571f3d9,train,tune
3e690d88f9d32fcf45033eda1113013c,cd7b211134c1ad94976b997b,898bb08b509fd5690eb56542,train,fit
3e98e4b13f7a1f963b75eb8bf9de0fc5,033822bc7e351df31e1dc845,f70479cf29070ef5d4c0361e,train,fit
3edb13e1264eb5e0ef3d37d38d34e241,25c79248246e2e902a0cac07,8ee6617e951ea87eb7cb5309,train,fit
3edd007071e165055e2e078bb123d2e8,a73c9b461ac1840429cd53d4,2c779b6fd5a9d76606cb1aa0,calibration,calibration
3edf103811b3f3e2affad53cf8969cee,229964fc855be302a547c518,ec4773ab2c4c0f6e97b67f43,train,fit
3eec9cc0282ceb56e9d518ff18932042,f66f6e86e337f6b7e3e28a57,8b8839f9d1dfc8c644974dd7,calibration,calibration
3ef1734273b63a0042c851902f47931b,033822bc7e351df31e1dc845,f70479cf29070ef5d4c0361e,train,fit
3effd894f1a81d6d496dd9e245c36acd,279f6b6e5fdadddf720d34d4,58d0e6f51ec4e0367c8ebdfa,train,fit
3f16ac918f9746a31b9d4a28d899cd46,1c379a2aec4ee615eba1c356,4d11522f520b3b626d19ddc1,train,tune
3f1deec43f538cd07c200c1c0c638709,b2c9c58c0db9e0357aa3d2ae,79e1e8f644752ad806942243,calibration,calibration
3f5c59daec38e5e71acef7134cac656e,db6bdf7c330e27f06ce52c2b,f8d4ebfd3c5708f173189a69,train,tune
3f7e78a9a31f0f49dc387e04c62f4500,1ed31f1c07a69825166816cb,cad4503d5256871d833f4299,train,tune
3fe2c209e49903c823bd6e10d2f4cf14,da9c554980973c42da1ea9d8,2c3d78f00f1fb51d1d8cfa8a,train,fit
3ff5828a60dd0817516d53aa7b14c99b,0d5b23e2e4b0b64961f3b5ff,75168c574f078e5e2b1e69bd,calibration,calibration
405e46a4f0c21397932834ca47c2de73,e9b7794a56b93a012579b00b,4cd08e8de2e5b6fec99d66e8,calibration,calibration
413ee542e238c4cc0cf3ff784bc70db4,d7af677cb2606455fd3bd1ec,fae9bbbb685e3771a9c7d1f3,train,fit
41b1510464105e82b72012d9f97ba716,e9b7794a56b93a012579b00b,c6ec2f3d2d8aceb09180da23,calibration,calibration
425790d16a62e9df492a1e89b67e432f,d9a72a0d98cfaee1eb23e866,b7da63d60b83e53b89472e5a,calibration,calibration
427f89bd6d97fc28ce5a425c6eb25784,db6bdf7c330e27f06ce52c2b,0b6ed7316616bba74e172c98,train,tune
42c7a7e7b32d7e54365c854be05d1b0a,45d48a3de58f5c1393ae3627,481a9e6b2c86269b213bde2a,train,fit
42d76b21c8a3768baa93312df7381ae9,f3c643ea795240c73b043f2e,be7c3f8e32d63a7d4efdcba6,train,fit
42faec01f750cc997d5c4b5b7fdfafb4,e75bd5630b3c884b430c81b2,d602b4b4adb68313efdcaef5,train,fit
4333f83d78a3673a24ea88fdd5bc9b39,db6bdf7c330e27f06ce52c2b,f8d4ebfd3c5708f173189a69,train,tune
43a535189631efd0d795443f32f500a5,c70089baae1375060df7565d,9d87a0845d85b96489452cbc,train,fit
43d70588a6dff6de089bba4acb83c414,033822bc7e351df31e1dc845,f70479cf29070ef5d4c0361e,train,fit
441c199a101bb18fc24c5f7c733c5c2a,4528160bd4c1a0a615728c33,d8b10c3c7f756b57a310acb8,calibration,calibration
443178eba4d319020c80e446c44c23b7,6ddafb500a8c73829d8f2a0a,dcef2dce7d63db727605e4e4,train,fit
445d7b7ae4f39ba5bcf51fb45a4de77f,6ddafb500a8c73829d8f2a0a,dcef2dce7d63db727605e4e4,train,fit
44d40a9e292ca1896e1b7407cd13cd31,d9a72a0d98cfaee1eb23e866,373f7aaa3dc8695b832b9491,calibration,calibration
461023c8b400c77764b58eb6ea7408e3,1c0ff6c4b7a1baaa3a89a8f3,6c586f60081d3bcf6b19b733,train,fit
462803a86927999084520eae90c5f9f0,28a21fe866d84aaf8c00b7c2,866afed544d17ebc3eda1006,train,fit
463e6956d28765eb0aa9e4cf25640ad9,e9b7794a56b93a012579b00b,4cd08e8de2e5b6fec99d66e8,calibration,calibration
4673ab60389175b23b4d51acaa7cf3ec,723b18260faf96c16260ce29,ef988e8f95c0410be4eee971,train,fit
46c35ca61de99cae7b60cd02a925de25,1a7eb3f6d89e4a3ca265b382,f72065a1d0174e2954f8df4a,train,tune
4701a4772f01938c42160f168911883f,182bb3d9ec56b379eb3c2bb3,7b79e4037cec6d6530e8b75d,train,fit
47160944772df3014fc94bca3850ac2c,ac616e61983918d843eaa891,cf2a308acca7eea04bce0a09,train,fit
47e68dbe7e71565581531484ed24676f,4ab20d5ed2ed8205ba425bfd,19f0aaa3c6d33c9efcc92cdb,train,fit
47fb52a1e11cce1d3378ecac7fa0195e,b2c9c58c0db9e0357aa3d2ae,340510ede53c7517e896cacb,calibration,calibration
4827383ef953b76bef4402c097838809,955d1fe51d5373c7ec0a992c,4b5434ba9c00a19a57133402,calibration,calibration
493b24b49c507b58f1d18ace44330d22,2ee8356576f29dfb7d8b9f28,3f6dbc5a362ecb237d9d25b1,calibration,calibration
49a42dd3a49c6b437a9c984efead364b,4ab20d5ed2ed8205ba425bfd,19f0aaa3c6d33c9efcc92cdb,train,fit
4a99257cb68b7901409214e711c83a0b,818b5e116918c52254fe0180,35c6e759d35f36ebe9d9eda6,train,fit
4b151355d31cdc45b37d67a3f7c3c54b,2c6e9aeb29630380ea26a708,3a8d787da5d5e826120b75a6,train,tune
4bbade02824fb5e5d1800cb7c7795ca0,a837dc31e3e6d9802b6e9144,a892f200d19fb135cf02dbe4,calibration,calibration
4c173e125bba976e1e4ff2dca9d28407,4ffe6a9ab2d62ca99dc3ce13,e8265458ab3c98f18b7b84b2,calibration,calibration
4cbbee90d23f3d154580a19f3d39665e,229964fc855be302a547c518,ec4773ab2c4c0f6e97b67f43,train,fit
4d3256c5caae8eff6e9b2804cd911f43,955d1fe51d5373c7ec0a992c,ba351940745438bc6c252af2,calibration,calibration
4dfd13298bd4ddd3b2f9243542a26fea,03bb8ebbda655c219d7653b9,7a2addb06df173b3a84aa72a,train,fit
4e91aa9d3beac5754fe2466682e314c5,129736b216fffa8fe4ed8e8b,01267faba866021567c9b5aa,train,tune
4ff864706f351af8765737670b9d1397,9411771a20bffaaeabd14d18,1c5e53944fe44d2110703e66,train,tune
504c5957e585038f792044a3726a3406,f783bc8378255eb4d9258012,39a21b10e98bc529090eed97,train,fit
5087c7372b46316e0d4d33f8d67f1fd3,a0fba78c7d95ce3546e7376b,ca567c59f0d33b298a1468e2,train,fit
52029d66e9d2ee2eafffc2436df068c6,a0fba78c7d95ce3546e7376b,07f306d5ae3b66da443f833f,train,fit
521b1ec2591297ea9f7bf361060844b6,d43ba05cd32b1eafdc929254,4664a247622592d0d701c10d,train,fit
5258a0a18d3cf9c30cef50e7e1ef2552,4ead96eb6b56b255274fb4ac,0a9bb4f0d0c6f83d9f291148,calibration,calibration
52c78b4c7bacd5985f6b1e579c2f5f52,831ce1013970f26b94909a96,a6943abcf73edcad5092d886,train,fit
52cf86a9191c180da3090b2f9cdf0412,70dc294427ddaacdf3c8d370,09897d0d25b27b3c8ecb1701,train,fit
52dd9e88edb75446a89ac97eebfa3e2c,4ffe6a9ab2d62ca99dc3ce13,e8265458ab3c98f18b7b84b2,calibration,calibration
539118f578a8d694cb0e515ff7dcd3b1,fe0116211f382c286f59aec8,8a91cab88c124c90409391fd,calibration,calibration
53a671d170f3420c437d933c21eb602b,5a3cd4acfa6b81ef7a348b70,bc180a6d8deed5ddb9da0790,train,fit
53bb64c45341f40f8c029efc7928adb2,033822bc7e351df31e1dc845,f70479cf29070ef5d4c0361e,train,fit
5413bc7d5705d6873b4c215f9f19fcd7,d51e01108783a47da1e5baa6,f01a64d1e44a2bde25665f10,calibration,calibration
54447a410c3785f260fa8c27f6f3c8e4,c16a2e56c5323d70bcf500e5,23e4b23567c78c5b2e621024,calibration,calibration
551a7b0513ea12f8fa1da418180fd4fb,a73c9b461ac1840429cd53d4,2c779b6fd5a9d76606cb1aa0,calibration,calibration
5524cb9b339816033f5e5969e39de40e,3f65e65eb673a8021884fae0,6d33eddbe33cd23a360cbab5,train,fit
5526185655858b0f84ff488bc6b52571,a0fba78c7d95ce3546e7376b,07f306d5ae3b66da443f833f,train,fit
5569dd801cd44849b05c9305a4bf40a4,4a073b32e3f418c9864617b8,c76df7013f20aa5a4bec8fdc,train,fit
5592a932f6565484de9bb848e7d8613d,f7f41c6c6d9e0a65273da480,25dc969d0ef82c93d57fd620,train,tune
55bf5c27e80f9bd3e67183cc3ce07d28,9d0e10e1c75e253ecfeb1f9b,bab091dfdb57ed619ae16c7c,calibration,calibration
55edd03877462ec22b22f262d5e69cd5,f63b02b591984aa04a73e26c,45d58f4823319be54850095f,train,fit
562736a5a75da22475c4b876b40e088d,45d48a3de58f5c1393ae3627,f4f57d21034562ed26433033,train,fit
5679b8cd232101692ea07690032e6876,9d0e10e1c75e253ecfeb1f9b,7f00bfe0f2a78cf763b7aaab,calibration,calibration
568056575d9813958b4e4a8299d8e56e,86a2737c1490c4cb267e0878,c990a09785fd6c6d66a3232a,train,fit
569c8d42acbe4f3985d2c3e47ca87c79,81389228a1a18e7b8bb74127,0d699237d213264f46e7fb26,train,fit
56acd6b9466008923383c8d67e23744f,4ead96eb6b56b255274fb4ac,17a071672196726b31569204,calibration,calibration
56b5f9be540abd40dd66769ae4d064bf,a0fba78c7d95ce3546e7376b,30ad27764eef3865e61477fb,train,fit
571060fe7e7389c38f641cd187b2ef6d,f63b02b591984aa04a73e26c,45d58f4823319be54850095f,train,fit
5725a34aed39e440bcecf895edb88783,40b7070a3d83c5693a2a0966,713eb532c06333110b1b3b1f,train,fit
578f023b78f678ebf846a484c7f456da,fe0116211f382c286f59aec8,8a91cab88c124c90409391fd,calibration,calibration
58109c41947bb0d21c195230784539d0,43d4b5206dd4467018442079,51f0dfe6d39d7474679fb90c,train,fit
583fa7735d9714d88c1e640791e3e463,4ead96eb6b56b255274fb4ac,17a071672196726b31569204,calibration,calibration
5862dda2b1efc69c58a23e6416ec5f17,ba7760f927decd37f52e3e0b,29a684df068f0bad55306635,train,fit
586c46e8f1c65beff59afe0b73d2008e,a0fba78c7d95ce3546e7376b,30ad27764eef3865e61477fb,train,fit
58c0c0cf756648cbe61a4680f3208ee0,6ddafb500a8c73829d8f2a0a,b49ba829dc11a916b328d3c3,train,fit
58db2cd53776687696fa767c339e79fe,c16a2e56c5323d70bcf500e5,23e4b23567c78c5b2e621024,calibration,calibration
58e46f61114a8e316f10cc31b1dd3f9d,5bcf9edb9eaa42074eaabaa5,76df9a17a1a7315612dd4e47,train,fit
592a948522387020f6c9eb36df6aead9,d13ff9a611c9434c7f748aa0,38355667c5212057a9c02ae7,train,fit
5931c57cede84d78653de7806baf18ce,db6bdf7c330e27f06ce52c2b,9d9fa1912d4a6eab97e21734,train,tune
59ac7968cda1e68e3c31e87426f25836,883edfb979ebc5a358034d2a,779974250cc34e21ad2f3ca3,train,fit
59fbb35a8f0798dbdf9b87ecbe3a52b4,4d3f07e3526acf5e50fc354a,ed3febde9cf5288e5927e0e9,train,fit
5a2bea041ae138040325ec0e13a8536c,8640eff6201c8738a35881a6,c14b81dd7ad805f6551fd4a2,calibration,calibration
5a404645214c7d5b85c948e78458f0b3,84c8d0d2423505041d2df3dc,37b6e09b3e37a3506abda502,train,fit
5a6bb40f4c16de168ddcd721a164827e,6152a2bf727060aff28878d8,3bb08d81cc8a3431a1382a2f,train,tune
5a75b10dc050db175042a274da0f36f2,d43ba05cd32b1eafdc929254,4664a247622592d0d701c10d,train,fit
5a8e9d2e3b0103e222d9e940761cdf61,1a7eb3f6d89e4a3ca265b382,aa9414acfa923fc52493e9f7,train,tune
5aaa136d0aec2410f216f99f43603ca9,129736b216fffa8fe4ed8e8b,01267faba866021567c9b5aa,train,tune
5ab2e0405cfb75bab57399c617f9c346,2153b6f0784f87ea04e477fe,55aa4fd9a89efade1017e0c4,calibration,calibration
5adafa3b4aae36d8f78258658bd0457b,e95b9e381fe4369608a9f158,3b44070322b80e9e2d251281,train,fit
5b2f8b2d6a97149d3ff7e6f82e250a3b,c70089baae1375060df7565d,6fe55a4b3f51d0eca55b286e,train,fit
5b802394da44ec69bdd854c9c91454ad,d03da9b2ba3034d64ec5c815,892cbb235a79d88eff9da5ce,train,fit
5bc3abfb609c02a600ce994357c4bc1d,1ed31f1c07a69825166816cb,cc53249f9e76c4db145cf1e0,train,tune
5c224dbb4dffa02476c6fe3ac9d7877a,9349424cf996a81312648b56,74a836294880739ddb057a77,train,fit
5c496d5b6e84f1850b1fe86064752986,c6e3821c1487c7ef20d9d619,d3d9d4e1ff7c0251049439e7,train,tune
5c54a3deae01e4f98def7d1bc8bef831,5a3cd4acfa6b81ef7a348b70,af0168c717ae4ad6a36b201e,train,fit
5c756ff71599ce44189a2bc87a87de3d,b2948473d57e8419be8e7d84,7a81745e4edf77675509a81c,train,tune
5d18ae32f992157db83bc359b821aeb3,883edfb979ebc5a358034d2a,779974250cc34e21ad2f3ca3,train,fit
5d1d7e251a000c8899eeb261ee0b69b1,4bfb42a11bed7a2412ad132b,b71decaa698275fa6b433661,train,tune
5d6c1a7cbfd185aa17d2ab0006ef276f,cc220e0485276470799972ba,fd972150ed3509d552635b1d,calibration,calibration
5d77f9c86f5d08f254620b10e8f1df1d,bce4e24e2b3b8c42bf0542aa,b27e2a5bfee032f01175037c,train,fit
5d8edd3890c9a292c4efdbfa2f9d73a1,f66f6e86e337f6b7e3e28a57,8b8839f9d1dfc8c644974dd7,calibration,calibration
5d9e61572b0031c981e0cd361ffc7483,ba7760f927decd37f52e3e0b,2d83ba511d22a424d9de93a9,train,fit
5ddbea5cca05175cfc51d9bdd0160c90,6ddafb500a8c73829d8f2a0a,b49ba829dc11a916b328d3c3,train,fit
5e1b4ad1cdc89cc2c483273eecbf6e37,bc19f8e44cfbf64980921f1d,c6113e59e9871c9b0d4f11d4,train,tune
5e2ff284a1e11c211ccb664a66108403,e9b7794a56b93a012579b00b,4cd08e8de2e5b6fec99d66e8,calibration,calibration
5e764c0a8f5601e7391d0ed412dbca8d,695c96c5dda174a4f040fee3,597fec7c5af4b3e8140469fd,train,tune
5e7824fcdf79b64aa96f02de4c52c745,785b3e7e9418841b5a47f2f7,72af515f0077bcfe880732d8,train,fit
5e9e500be252faa9b2b64e5380cd9b64,2c6e9aeb29630380ea26a708,d34bb5a9c32cd27b9750b038,train,tune
5ea6e1dc5e3fc112ddaf75b1a2efdc57,25916cf47f706b29ec05fa48,e886de75c96314cb9145a54e,train,fit
5f1ae1759b6181ebc819885419ec9468,28a21fe866d84aaf8c00b7c2,60ee537c2674d6269eca4bfd,train,fit
5f4477f105fa55974ad0680d67f283dc,9f6bbd1195ffad0bd5e0e66b,31d99b85d86efb42e693732a,train,fit
5f49c2e4f838b3df9e7eb3267e8912c4,f66f6e86e337f6b7e3e28a57,f540a5e863aaa6c814419be3,calibration,calibration
5fe80dd371cc4d5de9e8bdde7de4c67e,e257004e17518f9702b9a463,bd845d6b9255cd44e1a353a5,calibration,calibration
6057042e2c9ae700b76a711954c5876f,db6bdf7c330e27f06ce52c2b,f8d4ebfd3c5708f173189a69,train,tune
60b638d18d5b351483c1c7d482703847,03bb8ebbda655c219d7653b9,7a2addb06df173b3a84aa72a,train,fit
60bbe4e3d3a09464f9ce40f4602687fc,db6bdf7c330e27f06ce52c2b,f8d4ebfd3c5708f173189a69,train,tune
610125d45409d1d2ef5f56f6157acf5d,68b1ad05dcb8a72f891a1534,82acbbc6694d5ba399af9f97,train,fit
616a4d723dae184bba3ac6a102c60bb9,3fd2568c5ffd9faa2193545f,d3bb42f055d166bd7c862fa2,train,fit
61b265edaadb074189799640e8ede907,8640eff6201c8738a35881a6,c14b81dd7ad805f6551fd4a2,calibration,calibration
61e0c0c3985a9bf99e28c76e232f89c6,4f5a6a97bf88722304b5b3df,d9f2af47cbdc54ea05a7bf46,train,fit
6239e4e1e2de19432bed54f88ec9367a,c28886f8f13295326ede01b3,e1c7fdaabb84ed18879c6597,calibration,calibration
6292a540a633a98270a1c053977526e5,da9c554980973c42da1ea9d8,57ac1e61d45f6042e16bf9bc,train,fit
62abc5c5c524d9b5fb0a0852a898ec66,d03da9b2ba3034d64ec5c815,892cbb235a79d88eff9da5ce,train,fit
62af103c4a2297d7d0f861cfe9028dea,d51e01108783a47da1e5baa6,80a1b261fcedcd29f2473a5d,calibration,calibration
62f82b1b62d514ef42a81b79e9800811,d03da9b2ba3034d64ec5c815,892cbb235a79d88eff9da5ce,train,fit
630844b1fae1563e370ea130921006ac,5cceab3f3d6670e3cad32a4e,a52b03ca96648e34c5578f3b,train,fit
634fb2d8c1253ce9d09cf3de090d981e,8ff81a96ac54966f30594602,7640939b042a4213a1e2c309,train,fit
63c0df539c799fc2c54ccf473f7b2b8c,1ed31f1c07a69825166816cb,59591d311f3b74f596058146,train,tune
643cc54ab36963725afb9f48177e1f49,f63b02b591984aa04a73e26c,45d58f4823319be54850095f,train,fit
648adffd280251d5f7bc32588880d747,785b3e7e9418841b5a47f2f7,457dbed0d90b2637802e8d17,train,fit
64ae149dd5edc46e70de125d3068e2ac,f63b02b591984aa04a73e26c,45d58f4823319be54850095f,train,fit
64cc250b6ff343d3f549915535204f46,9d80ffea175468aa1d0c78c7,c5da75c85d9eae0056bfab8a,train,tune
653817da6788bea017baec161eea416d,831ce1013970f26b94909a96,4cfb174ca82e3d31ae9e50bc,train,fit
6555209ec5d370d1ef8a9a42704e9d93,4ead96eb6b56b255274fb4ac,17a071672196726b31569204,calibration,calibration
6556477943a0f454b598e7863ef4c2b0,813b64a7f1fa32901f55d488,46a584f4be93c6e88f7223a0,train,fit
658a98b26fd00b26a16db71186f46ea6,813b64a7f1fa32901f55d488,46a584f4be93c6e88f7223a0,train,fit
6599315058a501cc287e13da2f951634,695c96c5dda174a4f040fee3,fa5df73615e7c8ceaaea7ce9,train,tune
65a89d915d127a7894e4929ee9659e7e,b1ba6d2f93fe3e2fcbf9b8da,b3f4e5f87c77d82bc5a6b1a1,train,fit
65c047a8604fb9590f6390aeb5dad5af,30a5be0b7b4b8d54034cf79a,15f821d5713b1ee0e865d003,train,fit
65c98c5a4cc139af7b18185866fe0821,f63b02b591984aa04a73e26c,45d58f4823319be54850095f,train,fit
667a84111d1888eac1343095b3b506e3,d9a72a0d98cfaee1eb23e866,b7da63d60b83e53b89472e5a,calibration,calibration
6681812cde6b9061431538ae80a0af3d,d03da9b2ba3034d64ec5c815,afa5bb0e10ef2255de078501,train,fit
66a1aea3e8bf8e16a1c86d3fc4ff3961,f63b02b591984aa04a73e26c,45d58f4823319be54850095f,train,fit
66fed2ebe3df0bdbcb925712b748ebcb,d51e01108783a47da1e5baa6,f01a64d1e44a2bde25665f10,calibration,calibration
670898b5cb0e125c9dd6725f2c85ed82,723b18260faf96c16260ce29,ef988e8f95c0410be4eee971,train,fit
674feba1987c111c7d5d5cc29f5eb103,28a21fe866d84aaf8c00b7c2,60ee537c2674d6269eca4bfd,train,fit
6784fedbefcf8f132894663ece2b1729,fa4b4f407f8acfa02ab9f533,adea86aed61fd4df1f9d22cd,train,fit
67a42b6c7b3ff692b0682cae0beb9175,1ed31f1c07a69825166816cb,59591d311f3b74f596058146,train,tune
67a74d62e7c0a14fbc5cc4ffb631752a,883edfb979ebc5a358034d2a,19a75de0d1d846683272d64f,train,fit
67c7cb1e26aad1c1bc2d4df0bc14c3ff,229964fc855be302a547c518,212fbf48b18ae25cd4071631,train,fit
67f459ee1ee0e3fa28da8c8560f86c9e,1ed31f1c07a69825166816cb,cc53249f9e76c4db145cf1e0,train,tune
6872e5a25040cac797946c5fb8e7ec8f,e95b9e381fe4369608a9f158,3b44070322b80e9e2d251281,train,fit
68b6a3025f88ab70483efd651a41b700,45d48a3de58f5c1393ae3627,481a9e6b2c86269b213bde2a,train,fit
68dea5747988d4bef415988287e46f5c,cc220e0485276470799972ba,a2528723e374ed6aae596ccd,calibration,calibration
693b87a38e68c4bbd0516bd478352166,8200a47a6ca9618d04b264dd,8d2e7804bf4eb0dacc262431,train,fit
6971c855c32186e4fc2096d880c8c8e5,785b3e7e9418841b5a47f2f7,457dbed0d90b2637802e8d17,train,fit
69fb09a14ef67a8aff8a4d79b3952055,bc19f8e44cfbf64980921f1d,fa8004e3dede9462dca01289,train,tune
6a7a93a222c2edfbefbdf1c927a6b897,2ee8356576f29dfb7d8b9f28,59815ddcb3012f7d47f8445f,calibration,calibration
6a9a27d73686dcac482711b1f5d70549,3e22d6fde06cf6514b86e50a,17dd470a4c789bf14330a8c7,train,tune
6ad31c28b8608679e5c0fcbabb86cf91,560e298300292859bdc4a864,fcf4a45467f4185968efa775,train,tune
6ad7c75bf9c902381193412107608506,81389228a1a18e7b8bb74127,0d699237d213264f46e7fb26,train,fit
6bd130de37a221d58339d94ab2cacf69,40b7070a3d83c5693a2a0966,b14a0f31a6f95f671227ac87,train,fit
6bd8d2fb374d09859fedd4e382bc0c18,9d0e10e1c75e253ecfeb1f9b,7f00bfe0f2a78cf763b7aaab,calibration,calibration
6be7d2c9cf1f217b9d88a453c7f0b1d9,023fa7fcc7997bb622dc2af5,edfcf0cfae6e4563fd0fcc8c,train,tune
6c148b561453577f259f522a43c24839,70dc294427ddaacdf3c8d370,9b45b8a6c3c18100545436a4,train,fit
6c45a065fa9ce38067cbc03acebd99b3,9d0e10e1c75e253ecfeb1f9b,bab091dfdb57ed619ae16c7c,calibration,calibration
6c5634a6a95bc614f5f371728746a86a,9d80ffea175468aa1d0c78c7,68fafa81f9921abc1405b2d8,train,tune
6c8bcfd2d7a795411d20f072ea19fc44,db6bdf7c330e27f06ce52c2b,f34b406daf9ab924a6af18ce,train,tune
6c9f2c5b79a236a6e4cfa47b7abb4c12,03bb8ebbda655c219d7653b9,7a2addb06df173b3a84aa72a,train,fit
6cb96d61939015948504964428b393aa,25916cf47f706b29ec05fa48,0566677c23300f64bb496996,train,fit
6d057d2f9c08242e8366b10cb88ab15c,4528160bd4c1a0a615728c33,d8b10c3c7f756b57a310acb8,calibration,calibration
6d09f275a4265a22ab00d4725c63b851,68b1ad05dcb8a72f891a1534,ce6fda0111ffa5cf2d72a951,train,fit
6d2cc12aea112c3d15c2fc68025d3b5f,e9b7794a56b93a012579b00b,4cd08e8de2e5b6fec99d66e8,calibration,calibration
6d6e23b4f0e44537f8b5309ffeaa1880,e95b9e381fe4369608a9f158,3b44070322b80e9e2d251281,train,fit
6d86ef4a07300085cd7d5835a62afc24,e9b7794a56b93a012579b00b,4cd08e8de2e5b6fec99d66e8,calibration,calibration
6e03f41d8596d2e9d9b6ea5624253776,8fc282c294be77e0d8701b6d,d1bdc7a03b7a12728e687728,train,fit
6e56e7dc9d9025ad6a5a944e14aded36,033822bc7e351df31e1dc845,f70479cf29070ef5d4c0361e,train,fit
6e8d588743c9cf36232099dd2c9c4349,9d0e10e1c75e253ecfeb1f9b,bab091dfdb57ed619ae16c7c,calibration,calibration
6f531317b629ad78569033ef78c8e592,d43ba05cd32b1eafdc929254,4664a247622592d0d701c10d,train,fit
6fa37a1daa8ddb9778169873d6f0c8c0,7c18a4f43d554452d17fe95b,53c049e7c356546a0f6863ab,train,fit
6fb50589cb8bd4bddad4472348cc5dab,e95b9e381fe4369608a9f158,3b44070322b80e9e2d251281,train,fit
6fb71991b75396644ab9d9c368b46361,db6bdf7c330e27f06ce52c2b,b6d1e536d4ac1681792a89ec,train,tune
6fc0f2755d85fc18f73ed4d3e97549c9,cd7b211134c1ad94976b997b,898bb08b509fd5690eb56542,train,fit
702d061da43bed7e7317f7837b8e33e9,c5041164b1bf99f86aa392ba,034d069954b03f4516ebaa6b,train,fit
704398485fbc036dca6c892ea2b3e24b,7c18a4f43d554452d17fe95b,32a17189d5233f8af228b267,train,fit
705463a087280b045352748f30e1c6d4,ab30cfc3df1b19c56e5cc7c1,e1d51272486656e4b373f527,train,fit
7054b24e68d42c2c03c6bc8c6b8c86e4,a0fba78c7d95ce3546e7376b,30ad27764eef3865e61477fb,train,fit
70bcc60de2becab490aa7c6859a9530c,7861c8aef83c23620e46da0d,00fcca459a6cce2f16b41cdd,train,fit
70f138e170ae927c2dda0ef036ede407,26f6101ceda8804b31d69330,39169944f3e523de104b79a9,train,fit
710ebe23503a6d572dff00ee47b99741,66962eb3d3c0717481a8516e,d41bf4701570a2eb9ffbca91,train,fit
71131b9394023431f950b4aebaf02a96,b1ba6d2f93fe3e2fcbf9b8da,d85cac9b3d6e9ff7e6c80d6f,train,fit
7176e0a112ea3fc7ede9779d3fa04c96,a73c9b461ac1840429cd53d4,cc4253bd3038e1219f1f6fb1,calibration,calibration
718ad60eaa314a3f9d7467830cfb38ea,f66f6e86e337f6b7e3e28a57,f540a5e863aaa6c814419be3,calibration,calibration
71d099c6aa91f21efa613701e9feb2b5,30a5be0b7b4b8d54034cf79a,15f821d5713b1ee0e865d003,train,fit
720b7841f7291fd69167d9b7ca8511b1,5bcf9edb9eaa42074eaabaa5,76df9a17a1a7315612dd4e47,train,fit
7240a840651feea36669875e116bb650,e9b7794a56b93a012579b00b,c6ec2f3d2d8aceb09180da23,calibration,calibration
724e3e9eebe097fe268b6ce6261bf8d1,03bb8ebbda655c219d7653b9,7a2addb06df173b3a84aa72a,train,fit
728c6aaa891f7252a5b8c82ecc8b99ea,db6bdf7c330e27f06ce52c2b,0b6ed7316616bba74e172c98,train,tune
72fd40db42e72d2d3ad2a67c582e3a6a,4d3f07e3526acf5e50fc354a,ed3febde9cf5288e5927e0e9,train,fit
7322f2168dd72ca3d5409b2363f3a45e,e95b9e381fe4369608a9f158,3b44070322b80e9e2d251281,train,fit
73f0456c12edfb1efd658f630507d947,c22dd879a4d713169ce79c7f,c953a69d956c63402004ed90,calibration,calibration
73f4f536d3d42293bd789b342985e38c,f3f1171d21d6583cced3c5af,b2cb0a4294a9f51b04ba2147,train,fit
742cb300db6fdd258699891cef2d364e,c70089baae1375060df7565d,9d87a0845d85b96489452cbc,train,fit
745f66980de9ca27fe055cc65cf2b74c,ca621a4346a1ab4404db2cf1,760440c2101385e64972a25b,train,fit
749a02cd59c71f292f76cdc45e24b43a,e257004e17518f9702b9a463,83946c53ab0f94af0c591482,calibration,calibration
74cebcbea2a533a7bd25f3e2ce81b476,59d9d0a3e69f35103591aaa9,07e68216827bfcf963e50e56,train,fit
74f6f8b2406892d61b5d1fc4966a9cb4,fcb2a5a96b3735cc9a9f1d5f,cab5f1afb79d97ca6b45b598,train,tune
74f82d72f7c776c154bbafdc6821b928,d03da9b2ba3034d64ec5c815,afa5bb0e10ef2255de078501,train,fit
7506a29851e03a0b5c37b3a26c1556bf,3f65e65eb673a8021884fae0,6d33eddbe33cd23a360cbab5,train,fit
755b2813a5d36b5c2b6123a88ef65855,4ffe6a9ab2d62ca99dc3ce13,e8265458ab3c98f18b7b84b2,calibration,calibration
7589d24a707713bfe1813744d6998840,033822bc7e351df31e1dc845,f70479cf29070ef5d4c0361e,train,fit
76196336812939402a6b70156ccfa844,4ffe6a9ab2d62ca99dc3ce13,e8265458ab3c98f18b7b84b2,calibration,calibration
76468652f08a342d92db7eedd2a8a398,4d3f07e3526acf5e50fc354a,ed3febde9cf5288e5927e0e9,train,fit
76552cbb09f7ebf6a3b7bcdeaa911790,45d48a3de58f5c1393ae3627,f4f57d21034562ed26433033,train,fit
767e0257f4f21f4160275f3a006c40d6,b1ba6d2f93fe3e2fcbf9b8da,d85cac9b3d6e9ff7e6c80d6f,train,fit
768038248a144106febc711be8bb4a9a,b1ba6d2f93fe3e2fcbf9b8da,d85cac9b3d6e9ff7e6c80d6f,train,fit
76d461bcb88e9fe4a31606540743adf3,26f6101ceda8804b31d69330,39169944f3e523de104b79a9,train,fit
77a23f790168fa1d6de1ccb67c6838e1,883edfb979ebc5a358034d2a,779974250cc34e21ad2f3ca3,train,fit
77e1c98cf681d7d42d5056a08fe1d23c,695c96c5dda174a4f040fee3,9fa5cd7a718d47e30e97f5fd,train,tune
78172d3f1fc31655d724c9774144482a,c70089baae1375060df7565d,9d87a0845d85b96489452cbc,train,fit
7827ec1c08d1f51f621e4ebaa0102b62,cff124e5844f819eb002d6a0,2309ded37b14fd5d3d516187,train,fit
7896fbeea094c45b37c23f3462710742,883edfb979ebc5a358034d2a,779974250cc34e21ad2f3ca3,train,fit
78ed0c98e7e55d91611bdfc77cd5c3df,c22dd879a4d713169ce79c7f,e213d2d966f2afc9ff2d1348,calibration,calibration
792d197882d4eea59fb573f193249b5e,db6bdf7c330e27f06ce52c2b,36621bd37f8df353fa2b480c,train,tune
797985183e3d61aac5981e47cca9b1f4,cff124e5844f819eb002d6a0,2309ded37b14fd5d3d516187,train,fit
79a53dc964bb1ce06b0da48b0cacdbf5,6152a2bf727060aff28878d8,3bb08d81cc8a3431a1382a2f,train,tune
79dd1262fe76f4b837dd7a9cc07bee57,4bfb42a11bed7a2412ad132b,b71decaa698275fa6b433661,train,tune
79e33944c13a7f0209bed0b7594a2bdb,28a21fe866d84aaf8c00b7c2,60ee537c2674d6269eca4bfd,train,fit
7acb8a9c39aded3dbc55a94e3bb5f6a6,86a2737c1490c4cb267e0878,420996014c3048d1b311f1d6,train,fit
7b30f636246d83c42a095b9530bf4dcc,785b3e7e9418841b5a47f2f7,72af515f0077bcfe880732d8,train,fit
7ba7f3bc445817cf2dbcb792377d7e05,85c5b6f6742f095d8467f6ec,a5993331c493f5fc8448576a,train,fit
7bd2930eafb91099bcfe6a8fb10a6d05,ca621a4346a1ab4404db2cf1,688e3667750cc1f946ac0048,train,fit
7bf7c4e2a5b36ecf5370b1e7f0ebf873,40b7070a3d83c5693a2a0966,0fae36d660f7a3962949e881,train,fit
7c26f68d8ccf635132343aa89121f8ec,d51e01108783a47da1e5baa6,f01a64d1e44a2bde25665f10,calibration,calibration
7c3b42827c620a93af1436ea6194c0dd,26f6101ceda8804b31d69330,39169944f3e523de104b79a9,train,fit
7c782d777a3e3b2d4f920f044ca163c2,b2c9c58c0db9e0357aa3d2ae,79e1e8f644752ad806942243,calibration,calibration
7ca1e421a5c869858043edb12c795a3e,a0fba78c7d95ce3546e7376b,30ad27764eef3865e61477fb,train,fit
7cb258b0287b6e63904aa305bc1b4fc5,3e22d6fde06cf6514b86e50a,30b46f3143e3dacb1e77d6e3,train,tune
7cd907d8aed370dfb87c82ef313fb42b,730fb1901d3f12b6db6323b4,e1a96e6006820ff065d81d65,calibration,calibration
7d6fb5092c77db86d263bbc25ba2a5f1,db6bdf7c330e27f06ce52c2b,0b6ed7316616bba74e172c98,train,tune
7d863239ac10025cb6a95549bdb80d5d,9d0e10e1c75e253ecfeb1f9b,7f00bfe0f2a78cf763b7aaab,calibration,calibration
7d9e7b69fbdbc3e07e9ebbf42fb0f414,6b5426487d3767d2752d43b9,4438b3704ff05629c4d8f281,train,fit
7e5c31cb39577c23f0eb75a5111f2dcc,c70089baae1375060df7565d,9d87a0845d85b96489452cbc,train,fit
7ebf0cd3b895784367b9ea27a16c57f8,229964fc855be302a547c518,ec4773ab2c4c0f6e97b67f43,train,fit
7f068cf54051958ed00148533cb0c988,1ed31f1c07a69825166816cb,59591d311f3b74f596058146,train,tune
7f34efd2ba76069e22c8876a2cbf06a1,4843e73d025eb0223b4f890a,cfcc638ecc53c9ea7929cbc3,calibration,calibration
7f3f70753b627338b850843b15b4ce3e,26f6101ceda8804b31d69330,39169944f3e523de104b79a9,train,fit
7f723abb5aeaec381a367f02b745f8fb,5cceab3f3d6670e3cad32a4e,b5075781e80d15f16535d768,train,fit
7f98131ac3323b2dd303559753a8eab5,8fc282c294be77e0d8701b6d,d1bdc7a03b7a12728e687728,train,fit
7fc418cdfa16e27a6603cf2dc0b574a0,3f310385c1045b2ec5316e03,bbd83c7c0e38ff88af2210ad,calibration,calibration
7fdab7d5d03f12c6f921a79e58347e36,9411771a20bffaaeabd14d18,abdc653691103b4cc0490c0b,train,tune
80317a99d3e576993725a0c1fa8fd1e3,033822bc7e351df31e1dc845,f70479cf29070ef5d4c0361e,train,fit
803bf375605e287ee1cf7ebb5874a5b7,1ed31f1c07a69825166816cb,59591d311f3b74f596058146,train,tune
8094102ca4d5f56e220d307140d7529e,8ff81a96ac54966f30594602,2ff5cffacd13d7457d1006f9,train,fit
80a04ffb870d76ae933ceec10d4c575a,a0fba78c7d95ce3546e7376b,ca567c59f0d33b298a1468e2,train,fit
80bd2fcb8c84a9d35d4f119745d848db,66d564ef8ee57ded736003bd,23cb13085d27d0106df35b48,train,tune
80f6747d256dcb42b639c2432810a05e,4ead96eb6b56b255274fb4ac,17a071672196726b31569204,calibration,calibration
8104537477797d79ca2e075d7e8d017c,a73c9b461ac1840429cd53d4,2c779b6fd5a9d76606cb1aa0,calibration,calibration
810c4acdeba98e17599c3fb8c453e9a6,033822bc7e351df31e1dc845,f70479cf29070ef5d4c0361e,train,fit
8125cd1b35ac4807659e1feb1146c99d,a0fba78c7d95ce3546e7376b,ca567c59f0d33b298a1468e2,train,fit
821863c0804fec9029c0b5b9e5b7379d,e95b9e381fe4369608a9f158,3bf3e5c2b93f1e7b5c3dc153,train,fit
822962a2a44950cc4db2f60ff2baee8f,ba4a89be289b618c03954780,03c327fd059dc64c254e518d,calibration,calibration
823adb5acf95ec27b449eb421f54ec51,6faf6f2cd6ad6d56f5fd7194,4ff4f4b7402c80d5857bae42,calibration,calibration
82dec1a8acd6f4d3bf16b085aa1111d5,2a872006d9e4006dfd5ec4cb,2e6696dd0fd9a4368ea1f0e9,train,fit
832967a6e40a9c905dd60f3baab16292,d51e01108783a47da1e5baa6,f01a64d1e44a2bde25665f10,calibration,calibration
83596611e725e26cd65d4e9d07fae6ba,cd7b211134c1ad94976b997b,898bb08b509fd5690eb56542,train,fit
837d533c9a17bcc7051003c555b22688,fa4b4f407f8acfa02ab9f533,adea86aed61fd4df1f9d22cd,train,fit
83c32a5eb1b9ca99d989b0a5aa0adc84,6faf6f2cd6ad6d56f5fd7194,f67b53990ae53daa85043223,calibration,calibration
840cc556137f98edffce18bda23b19d1,3f310385c1045b2ec5316e03,777bd67c79d0598d48bedc21,calibration,calibration
845894e51a3e520cbca7fc6470d8902e,033822bc7e351df31e1dc845,f70479cf29070ef5d4c0361e,train,fit
849a4cc88471dd13429074dd1d347532,07dbf18d6e4945e5d0cbaa3e,09b31dd8f5f1c46782cd091e,train,fit
84bcc25de753a9b44fc298c5791ed71b,28a21fe866d84aaf8c00b7c2,60ee537c2674d6269eca4bfd,train,fit
84d99ab148968708f570df4c7b4cf11a,e75bd5630b3c884b430c81b2,d602b4b4adb68313efdcaef5,train,fit
84e915e7b4ec5f3f84b9ea2b6a7c16bb,40b7070a3d83c5693a2a0966,25df9ed3152e98f798128859,train,fit
85207a7c8bcc19d1757acc156b6d690a,bf1cf5b6e04de1251139c6e8,50ff1ad7d651cb9376e1cc89,train,fit
85ba70276656c6b5dc33e5aeb954c64a,86a2737c1490c4cb267e0878,c990a09785fd6c6d66a3232a,train,fit
85d149b0d85a643c8c74340070d7a78c,c5041164b1bf99f86aa392ba,a1ddb47929f74bda32ee359c,train,fit
85dc88f4edd565babbca669da9d448ee,4ab20d5ed2ed8205ba425bfd,19f0aaa3c6d33c9efcc92cdb,train,fit
85e319346edb38e71dd5415178c2402b,229964fc855be302a547c518,212fbf48b18ae25cd4071631,train,fit
86658fd29a51ab1497f24af33f7f10d2,883edfb979ebc5a358034d2a,779974250cc34e21ad2f3ca3,train,fit
867f3113d80013331105b445bfaa2f12,db6bdf7c330e27f06ce52c2b,f34b406daf9ab924a6af18ce,train,tune
86f1a3da8407df1a88047dad9dee66d0,bc19f8e44cfbf64980921f1d,fa8004e3dede9462dca01289,train,tune
87b64d3101feafd11fd7e312f172e2c8,cc9ef9959e6f57a5ad0fb1e7,4adbe2991ee8bd4119d6d6bf,train,fit
87bdac5276c335765035870d8cbd234c,ac616e61983918d843eaa891,923fa54e658933cab46db375,train,fit
8819e72d96e6cda32ed412b08ae3362d,d03da9b2ba3034d64ec5c815,892cbb235a79d88eff9da5ce,train,fit
89613ccc67e8147ac4c999a0fd047560,813b64a7f1fa32901f55d488,75f2d753c166ca7f91459a61,train,fit
89feff22330c4a11e5bc05a6861579a2,785b3e7e9418841b5a47f2f7,72af515f0077bcfe880732d8,train,fit
8a1ef9ddb5003b29755578467049360d,fcb2a5a96b3735cc9a9f1d5f,cab5f1afb79d97ca6b45b598,train,tune
8a287281b5a5ddf6364eac5631133c26,2153b6f0784f87ea04e477fe,dabaf70dc519e6b68908d92f,calibration,calibration
8a3f63341dd3581d5f718bf17c8604b4,db6bdf7c330e27f06ce52c2b,0b6ed7316616bba74e172c98,train,tune
8a7587f533ca7a6eea7583bcf3ad4c89,ba7760f927decd37f52e3e0b,2d83ba511d22a424d9de93a9,train,fit
8aa22a3023a21de106892233ef187f4a,c6e3821c1487c7ef20d9d619,8592c0e60ecd60d0186c131e,train,tune
8ae45b9cb92ab9aa9e877f0683712ee3,033822bc7e351df31e1dc845,122f0b8f850d64145d6ad283,train,fit
8b8ae800db1b127b9d88448529d63c2e,e257004e17518f9702b9a463,bd845d6b9255cd44e1a353a5,calibration,calibration
8bd6cfc9edff082bfad118995988bd46,3e22d6fde06cf6514b86e50a,30b46f3143e3dacb1e77d6e3,train,tune
8c345325b8f539ea357e9dd97790318f,4843e73d025eb0223b4f890a,105a926f6b280a8c440487d5,calibration,calibration
8d5ae759f9b9fae03bed52100a0bf1d8,d43ba05cd32b1eafdc929254,4664a247622592d0d701c10d,train,fit
8e2192bdd338d91985c5a1400fcd17ad,7c18a4f43d554452d17fe95b,53c049e7c356546a0f6863ab,train,fit
8e506213b876ab4cf917fe704f633789,b1ba6d2f93fe3e2fcbf9b8da,d85cac9b3d6e9ff7e6c80d6f,train,fit
8e7f9f17e21ad8038adc3e6c7325bef2,8fc282c294be77e0d8701b6d,d1bdc7a03b7a12728e687728,train,fit
8eaab79cca42bd222bd980c6b4b4a71c,a0fba78c7d95ce3546e7376b,30ad27764eef3865e61477fb,train,fit
8ed1d1fc717b3a367d86d534ae0cdedb,e9b7794a56b93a012579b00b,c6ec2f3d2d8aceb09180da23,calibration,calibration
8edfcffb1378bb80b03316e3a7775559,a0fba78c7d95ce3546e7376b,ca567c59f0d33b298a1468e2,train,fit
8ee41be70cdff602dc727949fe4d1893,d43ba05cd32b1eafdc929254,4664a247622592d0d701c10d,train,fit
8f36d26f294bfa1d7b95fa4d51134a93,5a3cd4acfa6b81ef7a348b70,af0168c717ae4ad6a36b201e,train,fit
8f55def4231b5d07cc52fe9abc31f586,580e73e7c52459869bae72f0,8eab169f6bd2fd70f642ed39,train,tune
8fb0c3aea6d70bf412a853c45c0a72b4,1c379a2aec4ee615eba1c356,4d11522f520b3b626d19ddc1,train,tune
8fb2f7f63945b607141c6b6d342e41a5,ca621a4346a1ab4404db2cf1,760440c2101385e64972a25b,train,fit
8fbbcc9e91c4d94764c0dcbf553441a4,66d564ef8ee57ded736003bd,23cb13085d27d0106df35b48,train,tune
909691466c5f7cd9f16c5360608179cc,023fa7fcc7997bb622dc2af5,e3bfa8dd9e8a07b291eea5af,train,tune
90ccfaca980452ad67b5ebefc78dbf49,d51e01108783a47da1e5baa6,f01a64d1e44a2bde25665f10,calibration,calibration
9119f7ec3bafa4c8c0bed3f787b1fe90,e95b9e381fe4369608a9f158,3b44070322b80e9e2d251281,train,fit
911d3edaa750b03772ccc7da492db3c9,da9c554980973c42da1ea9d8,57ac1e61d45f6042e16bf9bc,train,fit
911e8af47402d71504822800c47c47f9,da9c554980973c42da1ea9d8,2d3e2a88126256090ce7474b,train,fit
915a0ffcc81edec5059f17c83b5b0d81,9f6bbd1195ffad0bd5e0e66b,2524dca46e28581cf35f2adb,train,fit
915cbbaa7517e1f2a38072818de3c227,3b2121ac1287f69c57fcd3db,482dfd4a694d63eea16143e5,train,fit
91763dccad64e2bfe7013d93203391cf,40b7070a3d83c5693a2a0966,7de8c6dc7d73fd0ff42c8e20,train,fit
917ab9dde238e485db984fb4f728825c,8fc282c294be77e0d8701b6d,7ea86255958828c7fc971538,train,fit
91b4e126584c28613611f5f470bcabb8,70dc294427ddaacdf3c8d370,09897d0d25b27b3c8ecb1701,train,fit
9205fcc114984ae542383c7853fbddcf,25c79248246e2e902a0cac07,3c61674a34b30b2ff49d1229,train,fit
924d3aea362acd3f5982fd425a602b1d,4f5a6a97bf88722304b5b3df,d9f2af47cbdc54ea05a7bf46,train,fit
925d1dffd36eb13abfa3b4807717e3ae,83b82ce65e05a1592e9bc38b,60c011cbea6a96c0efc01eed,train,fit
929d167b1e9f4ec5902ffe5531292180,66962eb3d3c0717481a8516e,fc59b680c9c27731b4d15aec,train,fit
92c59060cc333a27882b4cf3cec828db,8fc282c294be77e0d8701b6d,d1bdc7a03b7a12728e687728,train,fit
93670b19fceccf0b5cedee91e9de64ec,022a3a399f1feb3bbad5dbab,abb1629c74970f55341383c7,train,fit
95a1647f199583bc277a05fdcb2d8677,4528160bd4c1a0a615728c33,d8b10c3c7f756b57a310acb8,calibration,calibration
95ff4590ad6c9aa57958500eec4b9cf9,4f5a6a97bf88722304b5b3df,d9f2af47cbdc54ea05a7bf46,train,fit
960f69954b7796d83334c5458f0506dc,9f6bbd1195ffad0bd5e0e66b,6cae8e441d092fc626b2def4,train,fit
962ffd895dc65ec47918ae478a698cb6,f66f6e86e337f6b7e3e28a57,8b8839f9d1dfc8c644974dd7,calibration,calibration
963bdc30c9cbd333fdfb3dba8661628f,146b8568dfa29643781eb5c6,0e9441a2db0a1708ae6ee544,train,fit
96724c4287a321e41251256a6b5bf61b,022a3a399f1feb3bbad5dbab,f8aecf82ecf977d2910106f8,train,fit
96ab5e6c24e26c4193a865147ff32240,8fc282c294be77e0d8701b6d,d1bdc7a03b7a12728e687728,train,fit
96c76a8915e48354bff7469246648d11,70dc294427ddaacdf3c8d370,99dc3c34ab3727a7dabfddc9,train,fit
9758eee43bfc03e39ea85910366b2d88,b1ba6d2f93fe3e2fcbf9b8da,d85cac9b3d6e9ff7e6c80d6f,train,fit
9810ba03e48e03a015329c2affb89eb9,c70089baae1375060df7565d,9d87a0845d85b96489452cbc,train,fit
984260dbe5fb64a5a00e7b5bfa49b9f4,e15571ab2eff31fa9c451fb3,7c1ed19f6e286dc0ec4baac0,train,fit
984755b92fd3770b21b12e17731f3609,9411771a20bffaaeabd14d18,1c5e53944fe44d2110703e66,train,tune
984d9d1cfe4f9f5765b9edc69860684a,a0fba78c7d95ce3546e7376b,0ea8ed7a82bdaa1f0033e7e7,train,fit
989967d81134d919edf66b7afcf23bd8,8ff81a96ac54966f30594602,2ff5cffacd13d7457d1006f9,train,fit
989c9875fc96941af527f497d7380f22,25c79248246e2e902a0cac07,3c61674a34b30b2ff49d1229,train,fit
99060a8aa0836725f45134ad50a46993,3e22d6fde06cf6514b86e50a,30b46f3143e3dacb1e77d6e3,train,tune
99673b8b32ec4252db060f20a168be06,26841112dca8f6669e6d2b10,3392168f931585bcfa00d285,train,tune
99905f678a5af30e72abc82cc65a8073,d03da9b2ba3034d64ec5c815,e88dd8c81e925888fcf62baa,train,fit
99c23212163d90cf8dd34d09ca8086af,8ff81a96ac54966f30594602,2ff5cffacd13d7457d1006f9,train,fit
99e0efcd4a2076071e8dadafe8ff7cf8,bc19f8e44cfbf64980921f1d,fa8004e3dede9462dca01289,train,tune
99ec58a69435e0bcb1291819e18ca829,6faf6f2cd6ad6d56f5fd7194,4ff4f4b7402c80d5857bae42,calibration,calibration
9aa68c0fa000a4b2ddf3c5abbd44a59f,f63b02b591984aa04a73e26c,45d58f4823319be54850095f,train,fit
9aa6efb98a54c0d9228d0c404bc1ffe3,4f5a6a97bf88722304b5b3df,d9f2af47cbdc54ea05a7bf46,train,fit
9ad2fa5a2fb4dbe58d464dc6fea698d6,279f6b6e5fdadddf720d34d4,90b8d6354d25858a5a4cbd1a,train,fit
9ae61a35e258e5ed182fbf767d41b79b,ba4a89be289b618c03954780,0c3851404e0f5e00f9bcd0a5,calibration,calibration
9b2fd742cf9ff510a379494752877725,e9b7794a56b93a012579b00b,c6ec2f3d2d8aceb09180da23,calibration,calibration
9bcec40ece7edb47598eb2677088082b,695c96c5dda174a4f040fee3,9fa5cd7a718d47e30e97f5fd,train,tune
9c5af1bb39d3447435102cd330abd010,4ffe6a9ab2d62ca99dc3ce13,e8265458ab3c98f18b7b84b2,calibration,calibration
9c7ae6f9280babd18a1e6431cb5f21bf,bc19f8e44cfbf64980921f1d,fa8004e3dede9462dca01289,train,tune
9c97e0e528d583e560a2febec98be73c,955d1fe51d5373c7ec0a992c,ba351940745438bc6c252af2,calibration,calibration
9ccf72313bf9777934625ed1b35c121f,fe0116211f382c286f59aec8,8a91cab88c124c90409391fd,calibration,calibration
9d3382da7b518d68f8c7eb162521952c,40b7070a3d83c5693a2a0966,1e30d9effdbb4f484d51ce4e,train,fit
9d6f680bd145497c9fef40da0eb9aa3b,66d564ef8ee57ded736003bd,7c813b6a017eb845215c6571,train,tune
9d86e577674d6317bc62e72f2ee8cbbd,d43ba05cd32b1eafdc929254,4664a247622592d0d701c10d,train,fit
9db541cbd08319ce6f42fe049e06baeb,43d4b5206dd4467018442079,51f0dfe6d39d7474679fb90c,train,fit
9dba9f107bb1f88ba74f5c6ed3ccefd8,ac616e61983918d843eaa891,923fa54e658933cab46db375,train,fit
9e060765e1b2e8a764ac6a738ee1f77a,e95b9e381fe4369608a9f158,3b44070322b80e9e2d251281,train,fit
9e5a0064669c03e1abe766987f586bd3,813b64a7f1fa32901f55d488,46a584f4be93c6e88f7223a0,train,fit
9e8d960afcec611d486c8293ae3c9ffa,883edfb979ebc5a358034d2a,779974250cc34e21ad2f3ca3,train,fit
9f09e36ea56d16a1d2ed94b4cae3545b,db2d95ff837023c5c0b73035,8c8c1071c10f4b42574399a9,train,fit
9f0b44252b47f6338b6327507effb300,d2220c67bbbea458e67d3ccf,3068cd1b02e47542f571f3d9,train,tune
9f5777783d38d7d494e03e75698d2d1d,e15571ab2eff31fa9c451fb3,d5701c70fc9a77715fe4dba3,train,fit
9f7091fa252c81c3ffba3f93e883032c,785b3e7e9418841b5a47f2f7,72af515f0077bcfe880732d8,train,fit
9f7eaf60126abb0bf03af13196d84e6d,a837dc31e3e6d9802b6e9144,57b6b4c95bb6c29c00aa6e3c,calibration,calibration
9fddbfaafc5cd031fb0d402667e54f93,f3c643ea795240c73b043f2e,c1c5944c3664f2761b883859,train,fit
a0595326f780d2e16449875b6708c781,cc220e0485276470799972ba,fd972150ed3509d552635b1d,calibration,calibration
a0a562913109cb97b060a0236da59ce9,cc220e0485276470799972ba,a2528723e374ed6aae596ccd,calibration,calibration
a15e7ed8836b209081595ec46c8b8c8f,1c379a2aec4ee615eba1c356,192ea09d746166934050bde3,train,tune
a1883633e40e506001b29f293f19ac00,bce4e24e2b3b8c42bf0542aa,b27e2a5bfee032f01175037c,train,fit
a2835f81e3258df5862e8270d842cc7f,3f6e5c06d3c2e95ab164e86f,7f964f321895c049604203ef,train,fit
a29bd1d9229b35c20a80bec87d500efd,cc9ef9959e6f57a5ad0fb1e7,95bf82bbe112c462ba3477c4,train,fit
a34ba5bbec6a7b638516e3fd5058e93a,d9a72a0d98cfaee1eb23e866,b7da63d60b83e53b89472e5a,calibration,calibration
a3555c7b14846d1d9944da343d9c752a,d03da9b2ba3034d64ec5c815,afa5bb0e10ef2255de078501,train,fit
a382882eabd10916f95910b3ac67d97f,25c79248246e2e902a0cac07,d450852c79fc530ad27c53d3,train,fit
a3a2b19847ac0d2f93935ab966b776d7,ac616e61983918d843eaa891,923fa54e658933cab46db375,train,fit
a3e497910670d330ae1e8fe8246d2a4c,f66f6e86e337f6b7e3e28a57,8b8839f9d1dfc8c644974dd7,calibration,calibration
a4a962b91e744c86baf7c74d616a3ed7,a73c9b461ac1840429cd53d4,2c779b6fd5a9d76606cb1aa0,calibration,calibration
a4fbd8a9a33b532310e193a89cda2758,a0fba78c7d95ce3546e7376b,ca567c59f0d33b298a1468e2,train,fit
a4fd899b56af60e5ed984fd3e820b4bd,db6bdf7c330e27f06ce52c2b,9d9fa1912d4a6eab97e21734,train,tune
a5056087e47c99f93e56a1e766fd39ef,8a299d74de01c6c938c81838,a0d28fc6874fb980dcf49ab2,train,fit
a554b05f9c31c90dce40016be9ac042a,033822bc7e351df31e1dc845,f70479cf29070ef5d4c0361e,train,fit
a5948eaba8d81d53dce12f017a679916,904c64e58f546c7782e46ddf,25a5e254683ed1c0b9fc4f26,calibration,calibration
a6e6b479d2f87979ae3360e8c9070eff,db6bdf7c330e27f06ce52c2b,0b6ed7316616bba74e172c98,train,tune
a720ee5b286d572854ef93cb9d59ef40,66962eb3d3c0717481a8516e,d41bf4701570a2eb9ffbca91,train,fit
a7740ab8135e1749ada8684b9fe797ea,f783bc8378255eb4d9258012,39a21b10e98bc529090eed97,train,fit
a883e033f7a9f0c38bece009d1da8795,5cceab3f3d6670e3cad32a4e,b5075781e80d15f16535d768,train,fit
a8fa730d96ec65209cd3d33c2c743884,30a5be0b7b4b8d54034cf79a,2e9211d736b7dbe12b27e0db,train,fit
a991220a100525bdb2db25e08922eac9,a73c9b461ac1840429cd53d4,2c779b6fd5a9d76606cb1aa0,calibration,calibration
a9968bc56c22f950c33965507b7f074f,70dc294427ddaacdf3c8d370,09897d0d25b27b3c8ecb1701,train,fit
a9b3f0b2fe5bad822b39a18e743586e8,2ee8356576f29dfb7d8b9f28,59815ddcb3012f7d47f8445f,calibration,calibration
aa987b54363c816eee30873e297defd2,70dc294427ddaacdf3c8d370,09897d0d25b27b3c8ecb1701,train,fit
aac13b6ce10ad9b49b8b0e1371819971,a5f6bc7fceb0817fb9e8ecdd,a3dfeb438911938b98eb98ac,train,fit
aacd602ec8fbedeea817983d4e69ff22,cd7b211134c1ad94976b997b,898bb08b509fd5690eb56542,train,fit
ab5520ae34b661b7e4cdc40a232c249c,03bb8ebbda655c219d7653b9,7a2addb06df173b3a84aa72a,train,fit
ab653b72874ee48c1988efe6382d64a7,a5f6bc7fceb0817fb9e8ecdd,a3dfeb438911938b98eb98ac,train,fit
ab967ebe1622bbfca5347880d54d2293,70dc294427ddaacdf3c8d370,9b45b8a6c3c18100545436a4,train,fit
abc5f5e3440e5a898a923291bf8c58e8,955d1fe51d5373c7ec0a992c,ba351940745438bc6c252af2,calibration,calibration
ac174e138b8c11c8388face1aa5d3b9a,68b1ad05dcb8a72f891a1534,82acbbc6694d5ba399af9f97,train,fit
ac1b38f1af0ba1e36f57da8915c69f2e,aca925edc248724ad35ca0a0,e6d37f7164b40d9c9a23c163,calibration,calibration
ac1daa13cd10f17ff2ca8dc919c498dc,f7f41c6c6d9e0a65273da480,25dc969d0ef82c93d57fd620,train,tune
ac71b04fabd5278c360499c6ed3c9ccc,66d564ef8ee57ded736003bd,7c813b6a017eb845215c6571,train,tune
ac7c6f06feade8fc960b5559cb1e6a02,a5f6bc7fceb0817fb9e8ecdd,4133eef8c1c396712b1cddde,train,fit
acbdccbf15a2ae218147195b94cc48a0,028288edf952dfeaef3fb2c8,263c10681a9e93809cfe6a2a,calibration,calibration
ad23d86988e45988724e4ad51eb2c6e7,4ead96eb6b56b255274fb4ac,17a071672196726b31569204,calibration,calibration
ad97b6a46ec8978a734b0a2566393105,d51e01108783a47da1e5baa6,f01a64d1e44a2bde25665f10,calibration,calibration
ad9838ff635be4894ed74d14b6dfa97d,c70089baae1375060df7565d,6fe55a4b3f51d0eca55b286e,train,fit
adcd4e2ca825606d284173dad85c8c66,d03da9b2ba3034d64ec5c815,afa5bb0e10ef2255de078501,train,fit
addeb57acfacf1ffc13b45a0de54c819,fcb2a5a96b3735cc9a9f1d5f,1fcd9f5424d2ca4d5e06e9c9,train,tune
ae87558818558d668ddd036063d16e09,d43ba05cd32b1eafdc929254,1876ad85dd00935e1bd3bc24,train,fit
ae93af983a5c69bfff95b9f8a6776f1a,2c6e9aeb29630380ea26a708,d34bb5a9c32cd27b9750b038,train,tune
aeb62a3ea1b8608e6c5cf4a83249dbae,ca621a4346a1ab4404db2cf1,760440c2101385e64972a25b,train,fit
af4e7920e06e05d7e156c7d31c9070e0,a73c9b461ac1840429cd53d4,2c779b6fd5a9d76606cb1aa0,calibration,calibration
af96a68d2a99fce0b4538e2134cfc480,033822bc7e351df31e1dc845,f70479cf29070ef5d4c0361e,train,fit
af9cf83a16d6d2203036735c608ebd3e,229964fc855be302a547c518,ec4773ab2c4c0f6e97b67f43,train,fit
afd3595e58fdbd1a1ddfdea64729c472,8640eff6201c8738a35881a6,c14b81dd7ad805f6551fd4a2,calibration,calibration
b07887241699eda67a1b4488c81fddbf,033822bc7e351df31e1dc845,f70479cf29070ef5d4c0361e,train,fit
b0a9dc38a3e0c0d570532b1d785208fb,182bb3d9ec56b379eb3c2bb3,7b79e4037cec6d6530e8b75d,train,fit
b14908b34a520f258a6f077721f2bbc7,db2d95ff837023c5c0b73035,8c8c1071c10f4b42574399a9,train,fit
b155bbc0b09eae298182684ae66cc6a6,db6bdf7c330e27f06ce52c2b,27d2a587a3a99242f1d2e083,train,tune
b1866b714f9da52e8ab2476c86a0de0c,3f6e5c06d3c2e95ab164e86f,06a65975a42385c0ea9ed104,train,fit
b237fd870bf2514516bdd26c3c2d0a46,b2948473d57e8419be8e7d84,aa8de93cfb153b9a75e71ebd,train,tune
b295eed70b0f8dd825715bbefd20a4c2,4f5a6a97bf88722304b5b3df,d9f2af47cbdc54ea05a7bf46,train,fit
b29f6fe80867d1cc30b693b80fdec841,4ab20d5ed2ed8205ba425bfd,3908e3ba2fc842ecb45e8ed7,train,fit
b35523d6942dfb0639088a71aafc5afc,1ed31f1c07a69825166816cb,cc53249f9e76c4db145cf1e0,train,tune
b3733752bfdd7bea6a0fe0ee030d03e5,831ce1013970f26b94909a96,4cfb174ca82e3d31ae9e50bc,train,fit
b3a5b94636df097d06ad7df82dcf296f,883edfb979ebc5a358034d2a,779974250cc34e21ad2f3ca3,train,fit
b3f03b8e081751f6b069d2a27f1a05b2,730fb1901d3f12b6db6323b4,e1a96e6006820ff065d81d65,calibration,calibration
b43550976cd4e7fe8f7433dae05e7617,db6bdf7c330e27f06ce52c2b,0b6ed7316616bba74e172c98,train,tune
b4b2ae1c0b4433a8fc6dcaba4ba63a5d,d51e01108783a47da1e5baa6,f01a64d1e44a2bde25665f10,calibration,calibration
b4fbeb688071983b23e35ff933f320b9,40b7070a3d83c5693a2a0966,731e04163a47845d511440fb,train,fit
b5186b1e876e3221f3f817d915b4af14,db6bdf7c330e27f06ce52c2b,f8d4ebfd3c5708f173189a69,train,tune
b5228f496e1203ea6ae571cfcebd8df7,4ffe6a9ab2d62ca99dc3ce13,bb3c20997d9584106a281f63,calibration,calibration
b53cebc4323edb71e98911fe7f4119bf,75aedeb223f28bb73fc03fd3,79c668ab3825976248df3c26,train,fit
b56842a39aacc8e70d954ebed3c731a0,c22dd879a4d713169ce79c7f,c953a69d956c63402004ed90,calibration,calibration
b5818dcbd6b8dabc52a7c5d4c264b58e,033822bc7e351df31e1dc845,f70479cf29070ef5d4c0361e,train,fit
b5ed0a4247ce8809f4ad7b952e93fbc5,30a5be0b7b4b8d54034cf79a,2e9211d736b7dbe12b27e0db,train,fit
b65151a2961974eb991f6b124ba93243,6faf6f2cd6ad6d56f5fd7194,f67b53990ae53daa85043223,calibration,calibration
b65fb323d00f53fefa6990d3784c166a,d7af677cb2606455fd3bd1ec,cecf4c5b63343b8b240d2ddb,train,fit
b68a23781b9b67d4332fbaaa02d421b0,022a3a399f1feb3bbad5dbab,f8aecf82ecf977d2910106f8,train,fit
b6953c31ef0bb9113dcee9ae0e60c857,4528160bd4c1a0a615728c33,d8b10c3c7f756b57a310acb8,calibration,calibration
b6b3cc1029f8f446971bc35324aa9a79,b1ba6d2f93fe3e2fcbf9b8da,d85cac9b3d6e9ff7e6c80d6f,train,fit
b6c8caed3cb321cbb24911b3941397c2,695c96c5dda174a4f040fee3,fa5df73615e7c8ceaaea7ce9,train,tune
b72006fbf49e743ef754a6856fbf562d,229964fc855be302a547c518,212fbf48b18ae25cd4071631,train,fit
b79ba57a0ea3b499c1ea0338d3f8da83,622273482ebb6b60337c6815,052176ce59598d4d6d7abdd0,train,fit
b7f9384205e4e5c7d196fdf5891d64a5,81389228a1a18e7b8bb74127,c4d30a6b1f3ffeb994abbe1b,train,fit
b8a12535c3a7e0f93058a28c0c851e01,229964fc855be302a547c518,212fbf48b18ae25cd4071631,train,fit
b8be100727859d43abb6bc62853cc0fa,68b1ad05dcb8a72f891a1534,82acbbc6694d5ba399af9f97,train,fit
b8c0b48c5386e5323028b1c288179eb1,883edfb979ebc5a358034d2a,779974250cc34e21ad2f3ca3,train,fit
b92c4acaf1c067dbad3fd931622b1bfa,d9a72a0d98cfaee1eb23e866,95326c3c849230e0e339a540,calibration,calibration
b93f2398c526b451de32a6b05c5883d3,da9c554980973c42da1ea9d8,57ac1e61d45f6042e16bf9bc,train,fit
b967744672474d7e0a8555a6bf46c41a,d51e01108783a47da1e5baa6,f01a64d1e44a2bde25665f10,calibration,calibration
b97057290159b487f45f087b374d5397,c8dea999a56673d347fb095e,4daec175aaafed1c4190ae97,calibration,calibration
b9b34a42b07ee551344e524557437995,8a299d74de01c6c938c81838,a0d28fc6874fb980dcf49ab2,train,fit
b9b8651035f7a902dd612a318247c6f4,fcb2a5a96b3735cc9a9f1d5f,cab5f1afb79d97ca6b45b598,train,tune
ba0d6c4be46a11ec3aab101e37c4463c,d9a72a0d98cfaee1eb23e866,b7da63d60b83e53b89472e5a,calibration,calibration
bac7b338b827d40ee607f52d2e8256b0,aca925edc248724ad35ca0a0,500a035c40e8ff158767351f,calibration,calibration
badfdf2508d275789f8dd68a1e160cd0,6faf6f2cd6ad6d56f5fd7194,f67b53990ae53daa85043223,calibration,calibration
bb9948fa1d273b3e0041a2fca41f21ec,db6bdf7c330e27f06ce52c2b,b6d1e536d4ac1681792a89ec,train,tune
bc13574723c8445166f587a2778d518a,e9b7794a56b93a012579b00b,4cd08e8de2e5b6fec99d66e8,calibration,calibration
bc2759c82660dcfe006a440fe29d81c6,4528160bd4c1a0a615728c33,d8b10c3c7f756b57a310acb8,calibration,calibration
bc946f8909217dbe257ad4b2393e0b7d,9f6bbd1195ffad0bd5e0e66b,34c51a6c0abba58b3d0af946,train,fit
bcebd287174a00cd6645934831f34fde,c28886f8f13295326ede01b3,4ceff97c4c9ed8f7f4bc4979,calibration,calibration
bd076f94a19a25a00202bee6fd21d6c3,e9b7794a56b93a012579b00b,4cd08e8de2e5b6fec99d66e8,calibration,calibration
bd18f9ebf68be9550454e7a8a04609dd,5cceab3f3d6670e3cad32a4e,b5075781e80d15f16535d768,train,fit
bd44d9023128898cbb51dd4e1e37db01,033822bc7e351df31e1dc845,f70479cf29070ef5d4c0361e,train,fit
be44f387d492de609beed32ffe2c57f8,182bb3d9ec56b379eb3c2bb3,75e30b183e1704c12c25a065,train,fit
be466630d0395f46c2bcea8a5cbf0bf9,30a5be0b7b4b8d54034cf79a,2e9211d736b7dbe12b27e0db,train,fit
be623da33ed8a8b6c78fcee94d243894,4a073b32e3f418c9864617b8,faec90eb74837d657dd8e1d4,train,fit
bf0696daa13dd8261acd456e4888cf54,db6bdf7c330e27f06ce52c2b,0b6ed7316616bba74e172c98,train,tune
bf10bd5df107611672d251b61afdcd0b,033822bc7e351df31e1dc845,122f0b8f850d64145d6ad283,train,fit
c0899e0ba0fc34b841734ace9c2cb032,db6bdf7c330e27f06ce52c2b,67a77723d02ec2ecf1abf2ef,train,tune
c21716887f67766d3e8df9d76055ea0a,7c18a4f43d554452d17fe95b,53c049e7c356546a0f6863ab,train,fit
c23faf6ad32c0377235cb324ad9d7a1e,0d21811e9ac348d1fadc107a,792b4c1e15199225a44ab292,train,tune
c28512b7e464ecb860f9787aa77e67a6,4d3f07e3526acf5e50fc354a,ed3febde9cf5288e5927e0e9,train,fit
c28d966dc3b033d05fefff75363dd6d2,883edfb979ebc5a358034d2a,779974250cc34e21ad2f3ca3,train,fit
c2f16c193a49390616345a1469176e04,26841112dca8f6669e6d2b10,7a603a07524786257908b839,train,tune
c358aad45484f649193751c6f1a2334c,883edfb979ebc5a358034d2a,779974250cc34e21ad2f3ca3,train,fit
c38f31d83337803985b552c80b0987de,70dc294427ddaacdf3c8d370,9b45b8a6c3c18100545436a4,train,fit
c4a367f76f752a39e9341ea8411d7f60,db6bdf7c330e27f06ce52c2b,27d2a587a3a99242f1d2e083,train,tune
c53b6fe2bdba41dfe717e36fd9e71208,bce4e24e2b3b8c42bf0542aa,b27e2a5bfee032f01175037c,train,fit
c5606652ee8cdd57c70efe808738dd52,68b1ad05dcb8a72f891a1534,82acbbc6694d5ba399af9f97,train,fit
c595d7bdf648dbf4acc1525b3f6fa6a4,831ce1013970f26b94909a96,4cfb174ca82e3d31ae9e50bc,train,fit
c6215162f6bfcc10ae933dfb234df64e,26841112dca8f6669e6d2b10,7a603a07524786257908b839,train,tune
c68eae7670b86de7125fb206f7ea3027,e9b7794a56b93a012579b00b,4cd08e8de2e5b6fec99d66e8,calibration,calibration
c6b5faadb2b4a7c48d8b37494522619b,c70089baae1375060df7565d,9d87a0845d85b96489452cbc,train,fit
c6c4a9f8bea506fc90423d3aecd75564,fa4b4f407f8acfa02ab9f533,b7ad2a5a82bd8cf574c20c46,train,fit
c7357998f09028949d2ad040b2302f0f,8640eff6201c8738a35881a6,c14b81dd7ad805f6551fd4a2,calibration,calibration
c860aafe29b759211b834230b0e127cb,4f5a6a97bf88722304b5b3df,d9f2af47cbdc54ea05a7bf46,train,fit
c878ffe1e1bb8f044362464f6467bb1c,6ddafb500a8c73829d8f2a0a,b49ba829dc11a916b328d3c3,train,fit
c88db638a0d8c7c2c7d5b7f0912a09df,75aedeb223f28bb73fc03fd3,79c668ab3825976248df3c26,train,fit
c89a33619f44a1414fa0453ee036d532,d03da9b2ba3034d64ec5c815,e88dd8c81e925888fcf62baa,train,fit
c96d1e89425d04712b099b315907615f,e9b7794a56b93a012579b00b,c6ec2f3d2d8aceb09180da23,calibration,calibration
ca15a789d650f2d4a0f0fd8ed2dadfad,ef850c78d8e9881cc98ba511,b66c7000bb2de1696f92f925,train,fit
ca9336b5ad4b08213ffac6f129e81fe7,4f5a6a97bf88722304b5b3df,d9f2af47cbdc54ea05a7bf46,train,fit
cab059c74aec56cd9accf23c11636390,db6bdf7c330e27f06ce52c2b,0b6ed7316616bba74e172c98,train,tune
cacc6b7a427a270de5e6b618b1153e24,229964fc855be302a547c518,212fbf48b18ae25cd4071631,train,fit
cbcd4831200446ce485c16f812b87ad7,4d3f07e3526acf5e50fc354a,ed3febde9cf5288e5927e0e9,train,fit
cbd0a5eb16da995b1ae516de94ad4193,a0fba78c7d95ce3546e7376b,ca567c59f0d33b298a1468e2,train,fit
cd049bb880ca7f340b0257f549dba3ae,6152a2bf727060aff28878d8,3bb08d81cc8a3431a1382a2f,train,tune
cd50ad69e3da820be8ea66206eca0360,279f6b6e5fdadddf720d34d4,90b8d6354d25858a5a4cbd1a,train,fit
cd8977e11d7e32921b1f66c37829f48b,818b5e116918c52254fe0180,0b3ed174e11ed0f6ae944fff,train,fit
cda6290f8567130353cb431dc50978e1,883edfb979ebc5a358034d2a,779974250cc34e21ad2f3ca3,train,fit
cdc16d7ebdaab34a5b4a5b52b0cc5808,1c0ff6c4b7a1baaa3a89a8f3,9dce0b88a47b789663a3c4e1,train,fit
cde6a578b3ea3d257546f5c29395d98f,022a3a399f1feb3bbad5dbab,abb1629c74970f55341383c7,train,fit
ce114cfff30c7030ac8f9a5001909a31,8640eff6201c8738a35881a6,c14b81dd7ad805f6551fd4a2,calibration,calibration
ce22c237a638ace806585b2102382740,622273482ebb6b60337c6815,7cb72b239dce686f62dbf38b,train,fit
ce6c9d2bc73bf9f2c5b5a29c82e79be2,db6bdf7c330e27f06ce52c2b,67a77723d02ec2ecf1abf2ef,train,tune
cecd10c657e2d4497055af740ef2f7d8,182bb3d9ec56b379eb3c2bb3,7b79e4037cec6d6530e8b75d,train,fit
cef06739cde4aae664f485078391f8a3,e9b7794a56b93a012579b00b,c6ec2f3d2d8aceb09180da23,calibration,calibration
cf44e595093df795108f804d8971dd74,28a21fe866d84aaf8c00b7c2,60ee537c2674d6269eca4bfd,train,fit
cf9c5523bec8fdb69ee93e4daa3e90fc,1a7eb3f6d89e4a3ca265b382,aa9414acfa923fc52493e9f7,train,tune
cfb2fe2bb9d26084315d1d81b246b8f4,c22dd879a4d713169ce79c7f,e213d2d966f2afc9ff2d1348,calibration,calibration
cfc0bdfa7b424843524f25b3b4ee8385,6152a2bf727060aff28878d8,8f6dd8de686670190f91eb32,train,tune
cfc83050843a52f3ebd52eecf85e8ec3,e9b7794a56b93a012579b00b,4cd08e8de2e5b6fec99d66e8,calibration,calibration
cfdd6b729a03d984ca5a1176fd5bc6b7,182bb3d9ec56b379eb3c2bb3,7b79e4037cec6d6530e8b75d,train,fit
d009d9a4c5e719e6b66a6fd2bd9f473d,785b3e7e9418841b5a47f2f7,72af515f0077bcfe880732d8,train,fit
d00eb7dfaef24b74e78f50bd45fb8527,66d564ef8ee57ded736003bd,23cb13085d27d0106df35b48,train,tune
d03b6e3157eedb59919e8322dc4fd9bd,707fa3eabc67fb65e1df4e27,7631c7d75dcfb4c25e44c629,calibration,calibration
d06a3874e74fc91c8aaec429cca0b753,f783bc8378255eb4d9258012,7d6370718cb6a40350f70bb2,train,fit
d0c2648c70385204360c2a427860419b,813b64a7f1fa32901f55d488,46a584f4be93c6e88f7223a0,train,fit
d0f71d40e6c0d00dec461e5a5d31442d,28a21fe866d84aaf8c00b7c2,60ee537c2674d6269eca4bfd,train,fit
d14bbd28ffa82f4cb15666a9d81fffcf,6916558ced648d403e7fdc8b,eb46da3cc025f4a1e190792a,train,fit
d15663ca2f4ee3dcaba64f69d9d1c632,c16a2e56c5323d70bcf500e5,0caa3df4501600abd2529966,calibration,calibration
d2027538ac80d848f632287972d6c62a,ab30cfc3df1b19c56e5cc7c1,fe5388f76a4e23a565981976,train,fit
d209b846933e4dd7f4b027f847feb187,1ed31f1c07a69825166816cb,59591d311f3b74f596058146,train,tune
d212dfd1239893af995c68ae680df41a,813b64a7f1fa32901f55d488,46a584f4be93c6e88f7223a0,train,fit
d228ac01cfaea70ff31e479908029dca,813b64a7f1fa32901f55d488,46a584f4be93c6e88f7223a0,train,fit
d29152b0f2684111489d7194758a62df,85c5b6f6742f095d8467f6ec,98cc8bd5bca9bc937704c2c4,train,fit
d342d2322c19b35d08bb755a8089dccb,a0fba78c7d95ce3546e7376b,ca567c59f0d33b298a1468e2,train,fit
d3664fc2b495c0006cb88ca52485bd2d,129736b216fffa8fe4ed8e8b,01267faba866021567c9b5aa,train,tune
d3976b2678a1bf95b541acf6981f6101,a837dc31e3e6d9802b6e9144,57b6b4c95bb6c29c00aa6e3c,calibration,calibration
d397fa57f6137b15d17ad3960cb8e379,a0fba78c7d95ce3546e7376b,ca567c59f0d33b298a1468e2,train,fit
d3c161a2849322f02d2740064027bd01,4f5a6a97bf88722304b5b3df,d9f2af47cbdc54ea05a7bf46,train,fit
d3dea4b1af8c4bf6f536fd550a61631a,da1012afb968710a4adf9df7,dfd18e182f98415a7c1edba3,calibration,calibration
d436d979105b851355039334a110351b,6152a2bf727060aff28878d8,8f6dd8de686670190f91eb32,train,tune
d45adfb219c8f32b9ef7307cc248a03d,75aedeb223f28bb73fc03fd3,79c668ab3825976248df3c26,train,fit
d4c261ce7f572b30fa40fb728062ffd2,db6bdf7c330e27f06ce52c2b,67a77723d02ec2ecf1abf2ef,train,tune
d4c75ab42108e3a56ce2b76f5e67350d,da9c554980973c42da1ea9d8,2d3e2a88126256090ce7474b,train,fit
d51532631c9052b7ec443b8ab59d0b4b,c6e3821c1487c7ef20d9d619,8592c0e60ecd60d0186c131e,train,tune
d51a55550f8e566efe302822997d642d,da1012afb968710a4adf9df7,dfd18e182f98415a7c1edba3,calibration,calibration
d51eb52155239727d58b5310cb6a828a,6152a2bf727060aff28878d8,8f6dd8de686670190f91eb32,train,tune
d5da023168e6875ca2633a69a27af3f3,0d5b23e2e4b0b64961f3b5ff,14a1090c421e384281cdadc4,calibration,calibration
d6820225272f2bded925ed857a5b14ba,83b82ce65e05a1592e9bc38b,83b66fa7a45813564ae72348,train,fit
d683a8811de7affb20d805c6d4cb4d2f,66962eb3d3c0717481a8516e,d41bf4701570a2eb9ffbca91,train,fit
d68883eba84afd455e3fba7188369c1c,db6bdf7c330e27f06ce52c2b,27d2a587a3a99242f1d2e083,train,tune
d6d3c62f526258332a4ba2f560e1b598,813b64a7f1fa32901f55d488,46a584f4be93c6e88f7223a0,train,fit
d70c0026418bc44997268fd677616bea,e9b7794a56b93a012579b00b,c6ec2f3d2d8aceb09180da23,calibration,calibration
d74e7f7f855ce1a80ff506d1ff4a3e57,5bcf9edb9eaa42074eaabaa5,2cb692fc864f80cc2cddad7f,train,fit
d75c6c5c163f07e4ad1ae01c0b5432dd,730fb1901d3f12b6db6323b4,e1a96e6006820ff065d81d65,calibration,calibration
d79de3218e541864004487e7aedfff30,1c379a2aec4ee615eba1c356,192ea09d746166934050bde3,train,tune
d7b2db1880b1a21f6eea4f406203cfa4,e9b7794a56b93a012579b00b,c6ec2f3d2d8aceb09180da23,calibration,calibration
d7cdfc3850bf6b26da620c6d3c09bd49,5bcf9edb9eaa42074eaabaa5,76df9a17a1a7315612dd4e47,train,fit
d842038099e8c30d028f79a75c456ba4,1a7eb3f6d89e4a3ca265b382,aa9414acfa923fc52493e9f7,train,tune
d883c2bb79afc9c7e8426ce8d41d3db1,723b18260faf96c16260ce29,ef988e8f95c0410be4eee971,train,fit
d8a8e1f29e583d29c646a54ad74b9c65,83b82ce65e05a1592e9bc38b,60c011cbea6a96c0efc01eed,train,fit
d94eac3c5db54c44023528970073df28,d7af677cb2606455fd3bd1ec,5a678f7e660e349d93bd8fbe,train,fit
d9a201fc07b7e3fd8b1cc8543739719a,023fa7fcc7997bb622dc2af5,edfcf0cfae6e4563fd0fcc8c,train,tune
d9b7da002f451333c3303d59f90fb6be,db6bdf7c330e27f06ce52c2b,27d2a587a3a99242f1d2e083,train,tune
d9c9c8e8f9a09bc58c0d5a50cf1e2db4,9411771a20bffaaeabd14d18,1c5e53944fe44d2110703e66,train,tune
d9e510c643b38b68e5e81c71a5b0ebe8,033822bc7e351df31e1dc845,f70479cf29070ef5d4c0361e,train,fit
da9e0222af2496837dfbf24231b67cc0,695c96c5dda174a4f040fee3,9fa5cd7a718d47e30e97f5fd,train,tune
dadfa82c19147ace8212ab59119e2cdc,c70089baae1375060df7565d,9d87a0845d85b96489452cbc,train,fit
db2dec4d2a56562213bc007f95e4b02e,75aedeb223f28bb73fc03fd3,79c668ab3825976248df3c26,train,fit
db327c97c52fe98ed818a197b2b62abf,a73c9b461ac1840429cd53d4,2c779b6fd5a9d76606cb1aa0,calibration,calibration
dba0981002da558719d394f647191682,d7af677cb2606455fd3bd1ec,114e5ee3182dad0e102365d6,train,fit
dbd09044227138075b7ac68db2c27e1d,e15571ab2eff31fa9c451fb3,d5701c70fc9a77715fe4dba3,train,fit
dccc20c94fdf38819a72e6f443454cbb,560e298300292859bdc4a864,fcf4a45467f4185968efa775,train,tune
dd3d0b3da301e953705b807e17de15b7,818b5e116918c52254fe0180,0b3ed174e11ed0f6ae944fff,train,fit
dd5f3eefb9f7ac2491486b11f443cf8e,e75bd5630b3c884b430c81b2,fc16996d2464fd694d4c887c,train,fit
dd9555116b47167117cf109db9a2d187,c6e3821c1487c7ef20d9d619,8592c0e60ecd60d0186c131e,train,tune
ddfdbba1ea0a7cd3d55abed839ceab78,ab30cfc3df1b19c56e5cc7c1,fe5388f76a4e23a565981976,train,fit
de17dd5b4f41b617412036264f943357,70dc294427ddaacdf3c8d370,9b45b8a6c3c18100545436a4,train,fit
de68c8af8c7546fc8e53e7fc01d3d7ac,3e22d6fde06cf6514b86e50a,30b46f3143e3dacb1e77d6e3,train,tune
de88c9c4526a6977070ad0bd94273459,a0fba78c7d95ce3546e7376b,ca567c59f0d33b298a1468e2,train,fit
dedc3931942359a2130eb0e59685fbcc,f3f1171d21d6583cced3c5af,b2cb0a4294a9f51b04ba2147,train,fit
df10dfb54f9a94609f8729cc0fa67387,af930af6f6e75fd8f389c2d4,a2cc526175b1f58c309ded44,train,fit
df3fc6bdf456b3c7e37ffc9e1f0de836,5bcf9edb9eaa42074eaabaa5,2cb692fc864f80cc2cddad7f,train,fit
df4a101ea2cbf3d99909c06c7bd8f6d7,9f6bbd1195ffad0bd5e0e66b,34c51a6c0abba58b3d0af946,train,fit
df8c7a9362ed09894c630b91cc364075,d9a72a0d98cfaee1eb23e866,b886050e63ef3e2796a66667,calibration,calibration
df8cd28ac63b43c5f0ad0ec40d764a6d,129736b216fffa8fe4ed8e8b,01267faba866021567c9b5aa,train,tune
dfabedaf400140fac21cedd2bbac13bf,d03da9b2ba3034d64ec5c815,892cbb235a79d88eff9da5ce,train,fit
dfbc0886588c3c6f19ece93fb4fb2fd6,bce4e24e2b3b8c42bf0542aa,b0fb4b94db1d6873aa0550f2,train,fit
e03ecdf211166dfd1536f063a1b2553e,66d564ef8ee57ded736003bd,23cb13085d27d0106df35b48,train,tune
e054c08efe26f085cebb0a3d5928e688,e9b7794a56b93a012579b00b,c6ec2f3d2d8aceb09180da23,calibration,calibration
e0804eb7a9ad9ca242f562cb7a2f740c,4843e73d025eb0223b4f890a,05d02ed224d70e815d550b30,calibration,calibration
e0f2d0259a309566554e8d0c8569153b,30a5be0b7b4b8d54034cf79a,2e9211d736b7dbe12b27e0db,train,fit
e17fa35cb404b685d8f57ddb28949f44,6916558ced648d403e7fdc8b,83c170dbc24d6a1c96f84974,train,fit
e19f1adf1ee217d40b6d04bfa53ccc09,e95b9e381fe4369608a9f158,3b44070322b80e9e2d251281,train,fit
e1ce39737e44088075414e3e0ca76ecf,70dc294427ddaacdf3c8d370,09897d0d25b27b3c8ecb1701,train,fit
e1d08546014ab632ab92a5ce3eb10929,c22dd879a4d713169ce79c7f,e213d2d966f2afc9ff2d1348,calibration,calibration
e1d5a72d8bb07e89a90f3a7eaa93e645,d7af677cb2606455fd3bd1ec,a5b9aed83a2dc58547ba56bd,train,fit
e24c732d2be7ca54a2e193a02efffd81,4f5a6a97bf88722304b5b3df,4e4daf7296ffdacf53643eae,train,fit
e2dc2ec3263cf1bf35bca3e56a5e9d72,4ab20d5ed2ed8205ba425bfd,19f0aaa3c6d33c9efcc92cdb,train,fit
e36ebe075984eaa6e3178d44e7e54ffd,4843e73d025eb0223b4f890a,cfcc638ecc53c9ea7929cbc3,calibration,calibration
e42018757ad946e3a87c428930813ae4,c8dea999a56673d347fb095e,98fae79169bef3fab8182b19,calibration,calibration
e432b262a74ffd891798ac7f8553b584,279f6b6e5fdadddf720d34d4,90b8d6354d25858a5a4cbd1a,train,fit
e440410a1d8c83d483920dca2b4edba2,d43ba05cd32b1eafdc929254,4664a247622592d0d701c10d,train,fit
e463b1c84b2b54af689a79c099278a8a,580e73e7c52459869bae72f0,cf990e9487cbeed95f635998,train,tune
e4a5906245d27964f474904ec18a4a6b,622273482ebb6b60337c6815,052176ce59598d4d6d7abdd0,train,fit
e4e2b897d2170297d10728ebf56487aa,8ff81a96ac54966f30594602,2ff5cffacd13d7457d1006f9,train,fit
e51b48312409e34ce8b2c8f1420299e1,3fd2568c5ffd9faa2193545f,de1384656b133e00183468d6,train,fit
e5df6fecadf78534862692aaeabf652f,d9a72a0d98cfaee1eb23e866,373f7aaa3dc8695b832b9491,calibration,calibration
e6107bb46d0889b0691dd12103a27c13,26841112dca8f6669e6d2b10,7a603a07524786257908b839,train,tune
e61f7e94c41988f1ef188e7f713f052c,c22dd879a4d713169ce79c7f,c953a69d956c63402004ed90,calibration,calibration
e64926a9e31c79bb1148527e2fb69b06,182bb3d9ec56b379eb3c2bb3,7b79e4037cec6d6530e8b75d,train,fit
e73678a1520f36a54c043d78eeb0773a,da9c554980973c42da1ea9d8,2c3d78f00f1fb51d1d8cfa8a,train,fit
e73806d54fa0e8a06a08f884616ad42b,da9c554980973c42da1ea9d8,2c3d78f00f1fb51d1d8cfa8a,train,fit
e75d4d5ea9644004d06db579aef04c37,70dc294427ddaacdf3c8d370,99dc3c34ab3727a7dabfddc9,train,fit
e7890bb3b95bc5b2c49a7cdbef71bb62,70dc294427ddaacdf3c8d370,9b45b8a6c3c18100545436a4,train,fit
e79966685f45f6e40b173e043755167d,f3c643ea795240c73b043f2e,be7c3f8e32d63a7d4efdcba6,train,fit
e7cd3d8bf364723af212776913e5eb2c,70dc294427ddaacdf3c8d370,9b45b8a6c3c18100545436a4,train,fit
e85605b42ad20001430ce8a352d8976d,03bb8ebbda655c219d7653b9,7a2addb06df173b3a84aa72a,train,fit
e86b6fab8d7bdf94f96bae4c1b6d0676,ba7760f927decd37f52e3e0b,29a684df068f0bad55306635,train,fit
e874d329e6939709eba47a014913e6c9,37ab7738ffd235ee411e187c,1b8bae055aceb6e5dbeb2645,train,fit
e8c271f9cd130306efa2805eb7657836,8fc282c294be77e0d8701b6d,d1bdc7a03b7a12728e687728,train,fit
e8ccaebe3b5316581df30fca4a2bc358,4f5a6a97bf88722304b5b3df,d9f2af47cbdc54ea05a7bf46,train,fit
e8e01a852938010b113963a6f188a623,b1ba6d2f93fe3e2fcbf9b8da,b3f4e5f87c77d82bc5a6b1a1,train,fit
e8fefb134ef698e9bfec3ff2f9b45f9d,ba7760f927decd37f52e3e0b,2d83ba511d22a424d9de93a9,train,fit
e931bd5fb146a0d0c905b3ee74274787,1ed31f1c07a69825166816cb,cc53249f9e76c4db145cf1e0,train,tune
e990f6065bff01d9a3c288a1dc59a5b7,ba4a89be289b618c03954780,03c327fd059dc64c254e518d,calibration,calibration
e9b2296af22adf7f296f51df536528b8,d03da9b2ba3034d64ec5c815,afa5bb0e10ef2255de078501,train,fit
e9ee637fabcdcc6f3ba337a22374294e,70dc294427ddaacdf3c8d370,09897d0d25b27b3c8ecb1701,train,fit
ea893fa7a91e735be3b6ce7933ca3cb6,665d5c61d61714e0ce22c5bb,61b9cf432bf59d0199a4e229,train,fit
eaa1fdb23ddc3ee594631de72150dbf4,033822bc7e351df31e1dc845,f70479cf29070ef5d4c0361e,train,fit
eb5a9bcdbf378c4908a6ed1ec15c7f87,033822bc7e351df31e1dc845,f70479cf29070ef5d4c0361e,train,fit
ec1fb53f41d93153accb22f976d2979c,e257004e17518f9702b9a463,83946c53ab0f94af0c591482,calibration,calibration
ec2fff2c295943aedf4797c302c0a990,cd7b211134c1ad94976b997b,898bb08b509fd5690eb56542,train,fit
ec377dcf9a30f19ee867d41c73bfe66f,6152a2bf727060aff28878d8,3bb08d81cc8a3431a1382a2f,train,tune
ec3b06bc8f2f4bc7af997215f4315560,a73c9b461ac1840429cd53d4,2c779b6fd5a9d76606cb1aa0,calibration,calibration
ec665f63524a98c27b3ed6bb3fc2c0e2,ab30cfc3df1b19c56e5cc7c1,2e8cf0ef0eab566b884db3ab,train,fit
ec99d1c4bc72951475c632e20343f272,8fc282c294be77e0d8701b6d,d1bdc7a03b7a12728e687728,train,fit
ecbfe2d598ed8243cd878ecf3fb5798a,b1ba6d2f93fe3e2fcbf9b8da,b3f4e5f87c77d82bc5a6b1a1,train,fit
ed29076f6fa0c28c217f897e533d8488,cd7b211134c1ad94976b997b,898bb08b509fd5690eb56542,train,fit
ed77642ceeafd6ed316fac4a41a61cfb,6ddafb500a8c73829d8f2a0a,dcef2dce7d63db727605e4e4,train,fit
ed8918162d768c91454588a2d645f886,cd7b211134c1ad94976b997b,898bb08b509fd5690eb56542,train,fit
edb976179f370165716e13bc3f130308,a9f7acc8acd414374b864f82,87c917dc4e3befb7e115dc89,train,fit
edc3e4c40c1550505c1bad98448d9eb1,028288edf952dfeaef3fb2c8,3b944c9d6d448573ae4030ca,calibration,calibration
ee67e8a117a603573f3ee8047f70ce58,ba7760f927decd37f52e3e0b,2d83ba511d22a424d9de93a9,train,fit
eeeae5d968ec6a44d1b60d63c89d3191,81389228a1a18e7b8bb74127,0d699237d213264f46e7fb26,train,fit
ef4a80b1983bfa8ab0acbed8fa27ba88,9d0e10e1c75e253ecfeb1f9b,bab091dfdb57ed619ae16c7c,calibration,calibration
efb1bd58f1fe2de185afe3eabd8378ee,4bfb42a11bed7a2412ad132b,30addafbec5d323f6ecda2d8,train,tune
efd665cfd944a077b9f06120dac62b60,033822bc7e351df31e1dc845,f70479cf29070ef5d4c0361e,train,fit
f01419767c164e6c30b75391d211d2ba,fe0116211f382c286f59aec8,94d77e223c59df17c987f750,calibration,calibration
f04465986c75f282d269973d8b0bfc06,cc220e0485276470799972ba,fd972150ed3509d552635b1d,calibration,calibration
f054a3ace9aa79e041aa4a246dbe382c,90469c4126e88b3a4e4fcf60,e60ac1db904564e1dd93d560,train,fit
f093513a6abe289dc8528697ff9f568a,1a7eb3f6d89e4a3ca265b382,aa9414acfa923fc52493e9f7,train,tune
f1587c17f9ada6fdeb01e23dc5bc54e4,e257004e17518f9702b9a463,bd845d6b9255cd44e1a353a5,calibration,calibration
f17697fc8ae78e53d5e4ddfd336dc2b5,9d0e10e1c75e253ecfeb1f9b,bab091dfdb57ed619ae16c7c,calibration,calibration
f1870961449f09dc4e0f9e8b78f9f61e,d9a72a0d98cfaee1eb23e866,b7da63d60b83e53b89472e5a,calibration,calibration
f18bba8f3a9aa214eef867a47d3b582a,2c6e9aeb29630380ea26a708,3a8d787da5d5e826120b75a6,train,tune
f19640916a7beff29a4a43a82caadfbb,70dc294427ddaacdf3c8d370,09897d0d25b27b3c8ecb1701,train,fit
f1fd1315348bff3dbacbd2731ae37b1c,9f6bbd1195ffad0bd5e0e66b,34c51a6c0abba58b3d0af946,train,fit
f2334c5dc50d816f6faf08d062fe3f3b,4ead96eb6b56b255274fb4ac,0a9bb4f0d0c6f83d9f291148,calibration,calibration
f2434308d89e2cecf93d9fe733906006,da9c554980973c42da1ea9d8,57ac1e61d45f6042e16bf9bc,train,fit
f26f37400bbf87b09adfd7ff42cfd186,66d564ef8ee57ded736003bd,23cb13085d27d0106df35b48,train,tune
f2a97c0f7fa26244a77a8d0f147c7345,db6bdf7c330e27f06ce52c2b,f34b406daf9ab924a6af18ce,train,tune
f2af31d1882899f87643d3db73504b30,6ddafb500a8c73829d8f2a0a,b49ba829dc11a916b328d3c3,train,fit
f2c6c5f1e3d5a60737fa79bf3c28206e,54d428a6d497a0acefafb791,cc129aa7b17dce95700c2edc,calibration,calibration
f2d791661d12a78a76abe370ce67a3d2,f7f41c6c6d9e0a65273da480,7ebbf31ac2e402b00fdc1f47,train,tune
f3717b39a1d3deebf68f45537cff992b,4528160bd4c1a0a615728c33,d8b10c3c7f756b57a310acb8,calibration,calibration
f38b4d72cef98fb62a3d02eeb7d76322,db2d95ff837023c5c0b73035,8c8c1071c10f4b42574399a9,train,fit
f38ddb4ea45ad8c792ef9a78a2925ef1,4d3f07e3526acf5e50fc354a,def215292a9ea104a4913d22,train,fit
f3a8d8e564e6dde2318e9518a3a77c41,30a5be0b7b4b8d54034cf79a,2e9211d736b7dbe12b27e0db,train,fit
f3d2be7d2c86b22fbd6903792fb2832f,db6bdf7c330e27f06ce52c2b,9d9fa1912d4a6eab97e21734,train,tune
f3e6c68e0ef8f8676ea9d8a32ead0a36,81389228a1a18e7b8bb74127,0d699237d213264f46e7fb26,train,fit
f3f06863457ce5937b7f8d6dfb418552,022a3a399f1feb3bbad5dbab,8f23b15988e4ab665bce832c,train,fit
f49d10457ad8261d10ab7182e73b5e41,d43ba05cd32b1eafdc929254,1876ad85dd00935e1bd3bc24,train,fit
f4c0ffac3e85bf788c6da6158ee52c6b,4843e73d025eb0223b4f890a,cfcc638ecc53c9ea7929cbc3,calibration,calibration
f4ed7d68023404b6dca4d5e7dacb0d65,d13ff9a611c9434c7f748aa0,a3c956a3ebb1a4bd6e45627c,train,fit
f615db054cf14bcd26ecce78d592ea87,e9b7794a56b93a012579b00b,4cd08e8de2e5b6fec99d66e8,calibration,calibration
f68b5b5309d6c66c72d714f7f988d2c6,f63b02b591984aa04a73e26c,45d58f4823319be54850095f,train,fit
f68cdbba4728909e61ff1e8d5d2d9d0b,40b7070a3d83c5693a2a0966,7de8c6dc7d73fd0ff42c8e20,train,fit
f6bcb036a85849f560912e1159b99992,1c379a2aec4ee615eba1c356,192ea09d746166934050bde3,train,tune
f75f9ba397c9df9017e50c678f5a0042,a73c9b461ac1840429cd53d4,2c779b6fd5a9d76606cb1aa0,calibration,calibration
f7beda8297a1f117cb151903fc2b1dde,b1ba6d2f93fe3e2fcbf9b8da,b3f4e5f87c77d82bc5a6b1a1,train,fit
f7e369f22c4528033bb9d15266aee1e0,54d428a6d497a0acefafb791,8b4556595b542e7c41b78554,calibration,calibration
f81b11dc8918a4d63a068ac1eacfe94d,e95b9e381fe4369608a9f158,3b44070322b80e9e2d251281,train,fit
f83717a020e1c1a0bf6f70feeddbd94a,66962eb3d3c0717481a8516e,d41bf4701570a2eb9ffbca91,train,fit
f853517ee9f3765bf2073913cc9089a2,129736b216fffa8fe4ed8e8b,01267faba866021567c9b5aa,train,tune
f86c681d5fc27cb95db0e406bc020ad8,84c8d0d2423505041d2df3dc,a19307393e442112b9e306d6,train,fit
f8f62cbd77e1bee4493df52c3c5cf878,45d48a3de58f5c1393ae3627,481a9e6b2c86269b213bde2a,train,fit
f9161b95ed80ba3d5047d0e806b4029c,07dbf18d6e4945e5d0cbaa3e,48ba21184fb3f966be44925d,train,fit
f9166c6e11af4959dadaa32d05de71de,955d1fe51d5373c7ec0a992c,4b5434ba9c00a19a57133402,calibration,calibration
f93b6dd1e04411a45af0b61697de8d34,955d1fe51d5373c7ec0a992c,4b5434ba9c00a19a57133402,calibration,calibration
f952bd7b7273a764625618e81d6a82cb,90469c4126e88b3a4e4fcf60,e60ac1db904564e1dd93d560,train,fit
f95b84400505ff3f3ac4a34779fd2142,4528160bd4c1a0a615728c33,d8b10c3c7f756b57a310acb8,calibration,calibration
f9678cf7e8325b8a05e3618c358dd435,c22dd879a4d713169ce79c7f,c953a69d956c63402004ed90,calibration,calibration
f9b75646b78641ba249633ea2a499f15,03bb8ebbda655c219d7653b9,11f2feff54cdc8e40a3e21e7,train,fit
fa40fcf4523b7ec3ba868973fa899728,695c96c5dda174a4f040fee3,597fec7c5af4b3e8140469fd,train,tune
fb53354d666bf1d1b10fff0e043936d5,831ce1013970f26b94909a96,4cfb174ca82e3d31ae9e50bc,train,fit
fb846a7e69968c461938d6dcc358faeb,d2220c67bbbea458e67d3ccf,3068cd1b02e47542f571f3d9,train,tune
fbc4be87922547c9592fecaffb677c12,9f6bbd1195ffad0bd5e0e66b,34c51a6c0abba58b3d0af946,train,fit
fbda72c32b3d6924f0088f92a1b7f726,7c18a4f43d554452d17fe95b,32a17189d5233f8af228b267,train,fit
fc0fa04ee4f1b6d46b04988a4636cb50,83b82ce65e05a1592e9bc38b,7cf99d73dc145a54ceafaa04,train,fit
fc21b68906baada9d06feaccdfa47a9e,0d21811e9ac348d1fadc107a,d13aab595bd98123ad64bf55,train,tune
fc57ab5a03df21a567e92845607caa09,3f6e5c06d3c2e95ab164e86f,7f964f321895c049604203ef,train,fit
fd1f2a08420d97a94e6525b6f43185d8,f66f6e86e337f6b7e3e28a57,8b8839f9d1dfc8c644974dd7,calibration,calibration
fd562870a0e112ceec3c8cc51ac2eff9,c6e3821c1487c7ef20d9d619,8592c0e60ecd60d0186c131e,train,tune
fd7d7e2c30079da8987503eb2369bac3,cd7b211134c1ad94976b997b,898bb08b509fd5690eb56542,train,fit
fd831041b6ea58bb9fb5b56eaa439082,831ce1013970f26b94909a96,d6e9ae12e6dbb5df5ebd9f9f,train,fit
fdc34c2f85b3eab8e3ae82c15bfd8154,ef285f73b151f1d3c1a1e547,9b4763308f409941dd186d98,calibration,calibration
fde332419d93ab2befcd4d2a4dd6d9c7,db6bdf7c330e27f06ce52c2b,9d9fa1912d4a6eab97e21734,train,tune
fe157bdcdd3277e8f94764fc5da80ccf,e9b7794a56b93a012579b00b,4cd08e8de2e5b6fec99d66e8,calibration,calibration
fe2d4ff04255563aa98f058e85a4e8ad,b1ba6d2f93fe3e2fcbf9b8da,d85cac9b3d6e9ff7e6c80d6f,train,fit
fe32e435789e54eeeae34bd0b85b59e3,75aedeb223f28bb73fc03fd3,79c668ab3825976248df3c26,train,fit
fe70db8a0e26a5018e3b9aed726eb545,5cceab3f3d6670e3cad32a4e,b5075781e80d15f16535d768,train,fit
fefb8ebddde89c4f5f0fd546d7b008b6,75aedeb223f28bb73fc03fd3,00d14777fff4d679e06c0d8f,train,fit
ff00abfd3b467ced01f55e80f7dcc07f,ba4a89be289b618c03954780,03c327fd059dc64c254e518d,calibration,calibration
ff0d497138f35f1cafa29432849a5e84,cc9ef9959e6f57a5ad0fb1e7,95bf82bbe112c462ba3477c4,train,fit
ff327a0a89cc9ab602e6c662a88f445e,70dc294427ddaacdf3c8d370,09897d0d25b27b3c8ecb1701,train,fit
ff3ec7c259ab8081cb10f5fd14ecc206,a73c9b461ac1840429cd53d4,2c779b6fd5a9d76606cb1aa0,calibration,calibration
ff9e7b12b712c51d504fd2e7ae9532b4,785b3e7e9418841b5a47f2f7,72af515f0077bcfe880732d8,train,fit
ffaa79c5831a95ed1c494c73b6fe9da0,3b2121ac1287f69c57fcd3db,7768362831bfbedaf7d96aa7,train,fit
