family_id,split,seed_0_delta,seed_1_delta,seed_2_delta,mean_delta,negative_direction,family_order
family_f62176e3e9e80995,treated,-0.03940737120859106,-0.0496543447934944,-0.08098708149051881,-0.056682932497534755,True,9
family_372bca09daa2e59c,treated,-0.06278086023535379,-0.0834958963362673,-0.08916520367104341,-0.0784806534142215,True,16
family_7372cedf8e9b0da9,treated,-0.06626260126459182,-0.0584258954072821,-0.06059437342758833,-0.061760956699820756,True,20
family_d146c709b6d57006,treated,-0.07239637724764936,-0.07147439944279654,-0.057641396243850895,-0.06717072431143227,True,22
family_f676c1a274b9fc25,treated,-0.09993280102341573,-0.0976017756042793,-0.11907238843980483,-0.10553565502249995,True,27
family_38aef633ce47c55b,treated,0.0092727627594823,-0.03371847045288778,-0.007932204165830514,-0.010792637286411999,True,30
family_606242910f42ab8e,treated,-0.07214600528787263,-0.06631049373653897,-0.08698878836178725,-0.07514842912873294,True,31
family_14100b61aef92451,treated,-0.17878806430825195,-0.1833696388275195,-0.1931171922481929,-0.1850916317946548,True,32
family_b79ba27218cfec3a,treated,-0.08664014354624133,-0.09411230991008107,-0.09097459379721567,-0.09057568241784603,True,45
family_10ea4c959d508d3a,treated,-0.011483338217909034,-0.022495930676967202,-0.03704352139177225,-0.02367426342888283,True,53
family_54cada16b34da893,treated,-0.03134436202441304,-0.026444939461910955,-0.049125287877079815,-0.03563819645446794,True,67
family_d00ed582e8933047,treated,0.009776756690196287,-0.024784404002367366,-0.024074603856710786,-0.013027417056293955,True,69
family_f44b2ae87e6c19c9,treated,-0.01208226689760794,0.01072110041690627,-0.08853808776548455,-0.029966418082062074,True,75
family_43eb9f3c79bfa424,treated,-0.09783874306463658,-0.0829136219412141,-0.11022608706963544,-0.09699281735849537,True,77
family_7ba5737bedbb0ebb,treated,-0.04824596706796358,-0.0872754440573339,-0.09031444480368034,-0.07527861864299261,True,90
family_9fcfd1f061a07fdd,treated,-0.05187304977265876,-0.05703654546215936,-0.0518809499084274,-0.05359684838108184,True,96
family_92111478a4e4dc10,treated,-0.12482674962493134,-0.0941307879603025,-0.1365569989281672,-0.11850484550446701,True,114
family_0d96bd7e73513afe,treated,-0.04935390746436141,-0.06088704711337822,-0.06641246751556995,-0.058884474031103196,True,121
family_e05b3b80c8af829a,treated,-0.2451192372908776,-0.26057755244261394,-0.27401669895968245,-0.259904496231058,True,141
family_6c4da332ef0988d1,treated,-0.03151549723079916,-0.04590947538019219,-0.05374817081576777,-0.04372438114225304,True,142
family_c5efd28cb58a7154,treated,0.004292220150863724,-0.011159522001364053,-0.033865722887118865,-0.013577674912539731,True,153
family_602f06061ae180d5,treated,0.005521087149059634,-0.007295915501337347,-0.0114306448856355,-0.004401824412637738,True,155
family_39e9d2f6901e2c3c,treated,-0.06550743886463939,-0.07014332545120283,-0.06804004610079584,-0.06789693680554602,True,158
family_a492c7d45a2a101f,treated,-0.025043160227693484,-0.008577574822100698,-0.023245865150718636,-0.018955533400170938,True,161
family_d8af1edd7b3a915e,treated,-0.006777718400963584,0.0024435585000824322,0.004539505386805698,6.844849530818209e-05,False,163
family_5f8029db8371e627,treated,-0.004280494835417148,-0.004299509457949158,0.03585691091704507,0.009092302207892922,False,165
family_e030933a6e53e46b,treated,-0.056964826378329,-0.0645875971499853,-0.0658892599038372,-0.062480561144050505,True,168
family_bb71b9ef2d24550b,treated,-0.07928803565723075,-0.06940303870535391,-0.08990209372518787,-0.07953105602925752,True,173
family_e41e34f36378682d,treated,-0.02663837115497436,-0.018014469238893382,-0.018714994901979587,-0.021122611765282445,True,178
family_412cd5d8186672af,treated,-0.006199563172071654,-0.02246082385039977,0.00031846645734512347,-0.0094473068550421,True,180
family_3aa7a20bd53365ee,treated,-0.09211169272567199,-0.10441064462300731,-0.11811557523083605,-0.10487930419317178,True,195
family_f504f3830437dcae,treated,-0.08102996106212479,-0.07730746768802577,-0.09275643032050729,-0.08369795302355261,True,198
family_c6c852f0526b7ae7,treated,-0.08970340977942526,-0.09878065903994915,-0.10901984375602791,-0.09916797085846744,True,202
family_3118a97dac7df7b9,treated,-0.004838914034382413,-0.021324666584564334,-0.0060703330482078655,-0.010744637889051537,True,210
family_2d9ae7dd453e8ed5,treated,-0.2964163878804189,-0.2761704629414819,-0.2909825221418533,-0.2878564576545847,True,227
family_5cb0d0cb4b5fec1d,treated,-0.1791466392376107,-0.25133917857019744,-0.31108009918993296,-0.24718863899924703,True,233
family_a03ceb6bd35e9a91,treated,-0.1836678385734558,-0.10606563091278076,0.06559574604034424,-0.07471257448196411,True,239
family_116f02d2c90563fb,treated,-0.015445093652289466,-0.004255742760363945,-0.01334428742438376,-0.011015041279012391,True,242
family_b2530645f1ddb95c,treated,-0.05131428256205428,-0.07577497919231002,-0.08841886777035868,-0.07183604317490766,True,250
family_66d00c35f9b4c3e5,treated,-0.09604333246844865,-0.09719318737482341,-0.10597192335655115,-0.0997361477332744,True,252
family_5e3e997400ef55a6,treated,-0.2287905884348168,-0.2132252870706543,-0.22528895589046768,-0.22243494379864626,True,254
family_058b5f5b307b1065,treated,-0.05867265584041548,-0.058393021165480175,-0.08095151290535418,-0.06600572997041661,True,262
family_031ad2b389fe0cfe,treated,-0.0901314530600893,-0.08046034555242032,-0.09657707949414385,-0.08905629270221782,True,265
family_716b7f5021a82ccf,treated,-0.09955157925283287,-0.10113035066714571,-0.12472766245212974,-0.1084698641240361,True,270
family_dfc0de51587939cb,treated,-0.051715294881654814,-0.056706547464301704,-0.05004331589706483,-0.05282171941434045,True,276
family_0b1b5d8b94feabb4,treated,-0.022896602737539906,-0.03762542439804328,-0.05208947868850333,-0.03753716860802884,True,277
family_763b9e5cc1615062,treated,0.010838913662329586,-0.0045114570066105975,-0.033328785608359945,-0.009000442984213652,True,284
family_46272ba2e3baaec4,treated,-0.06834959653700645,-0.06986158572826068,-0.07652110504548543,-0.07157742910358418,True,287
family_91ac71586309274f,treated,-0.05843564357501174,-0.06202497447277122,-0.07997908205322579,-0.06681323336700291,True,291
family_ef7c669ce887d98d,treated,-0.09396244132025744,-0.11469423138346468,-0.12640603742490647,-0.1116875700428762,True,306
family_69280d70016898d4,treated,-0.047885264625995794,-0.054297081622722954,-0.11717670373115185,-0.07311968332662354,True,315
family_e26c412d2bf4ef23,treated,0.013664044993794033,-0.0006895592641048554,0.0015434346353734307,0.004839306788354203,False,334
family_5bd41b6f65a3fa08,treated,-0.007229272142023069,-0.013082864359211355,0.00460142694859389,-0.005236903184213511,True,338
family_2a9acaaaa206857f,treated,-0.07294787738985187,-0.07105338008355344,-0.08706898183370548,-0.07702341310237026,True,345
family_8626120333d3a6fd,treated,-0.08157924760297885,-0.10249219057217951,-0.09538558030787025,-0.09315233949434287,True,352
family_af71579703adab9b,treated,-0.10882515974818774,-0.0915596816208335,-0.11735654289150588,-0.10591379475350904,True,354
family_961ce22dc50c2496,treated,0.015274932170243893,0.00039904796033407575,-0.02475548636528757,-0.0030271687449032005,True,385
family_4020f09183bfa8c1,treated,-0.019058514294091444,-0.026966805586909115,-0.010026086274782187,-0.018683802051927583,True,392
family_9f027a57e4f4ec31,treated,-0.018739943428895733,-0.030183583037479478,-0.06381527796617936,-0.03757960147751819,True,399
family_13798f417b635e9a,treated,-0.0074176788330078125,-0.030255377292633057,-0.030944883823394775,-0.022872646649678547,True,401
family_3d13c5c8c00a7596,treated,-0.01571650710368433,-0.0199971150023584,-0.031085725057285962,-0.0222664490544429,True,406
family_92206bde258af4e4,treated,0.011508627757391254,-0.027969609192430633,-0.009311929352879833,-0.008590970262639738,True,411
family_9bd228a47681c7b2,treated,-0.008688901344766409,-0.015362203748658043,-0.020901555431412255,-0.01498422017494557,True,412
family_a55e4bdb2c90ea5b,treated,-0.17974516475058278,-0.20102363357799513,-0.22163503054728007,-0.20080127629195266,True,424
family_adc8419161645915,treated,-0.08811569294592841,-0.09574900129495678,-0.09157676797618236,-0.09181382073902251,True,426
family_76bd9632508fc892,treated,-0.08340139064824303,-0.07611160081046253,-0.08724547827776064,-0.08225282324548873,True,441
family_f52b6909b0ebd60b,treated,-0.06049186861226086,-0.06986608240578573,-0.07088345344562141,-0.067080468154556,True,459
family_81caaa199e04696e,control,-0.005613690485668621,-0.002823652842437352,-0.006301148283059499,-0.004912830537055157,True,0
family_b1bfbd4df51d3281,control,0.026019493524892967,-0.005847839351628692,-0.046814936226239,-0.008881094017658242,True,5
family_6efd47f4e7625286,control,-0.003958502536413611,-0.011859019741801924,-0.024580264493640258,-0.01346592892395193,True,8
family_28595fb1bc0f3fc9,control,-0.0012555328243677444,-0.007955362928501186,-0.005299097474883607,-0.004836664409250846,True,11
family_2299048dcdfc88ae,control,0.013939011037793436,-0.002294086067759382,-0.036787675735228675,-0.00838091692173154,True,17
family_ceaf8a343a31cbd9,control,-0.007306971272279805,-0.001586368212551592,0.010263924031443827,0.00045686151553747667,False,18
family_a0838daefd74be4b,control,0.006566390019805413,-0.02398161632798912,0.0025229442998216944,-0.004964094002787338,True,19
family_845dcb037dda9ca4,control,0.003443455022283104,0.0026783935649525303,0.0026308484666690557,0.0029175656846348965,False,23
family_0f71bd81fce2ffce,control,0.003909685075469405,0.004766733529859679,-0.012121405104203231,-0.0011483288329580492,True,24
family_71ce23a7f17005f8,control,0.01658950916259161,-0.042744595409829,0.02544555575141816,-0.00023651016527307758,True,26
family_a5428498c7c08cf4,control,0.004436778372648442,-0.01843788157359394,-0.07546354735370897,-0.02982155018488482,True,28
family_37f9e97be389a23e,control,0.006694813813168554,0.0017601209184143207,0.0017383340129091818,0.003397756248164019,False,29
family_52b6f81b853b12ca,control,0.012042816990664673,0.0017553259982345804,0.02034368630196337,0.011380609763620875,False,33
family_5eb48950a52ed210,control,0.008648952745451965,-0.0008143993303172947,-0.008699225582555148,-0.0002882240558068257,True,40
family_8b82200a19c5284b,control,0.01376497681530453,-0.004428677087421673,0.003916842849766122,0.00441771419254966,False,42
family_6532a15861b5fee0,control,-0.007820330864312663,-0.006829064200454649,-0.029295678565738753,-0.014648357876835355,True,46
family_103aaa5d05f6ae8e,control,0.0032342706462100135,-0.011476947834894669,-0.02729747668514415,-0.011846717957942935,True,48
family_8afe0a881f58daf3,control,0.006737288139610831,-0.023860601074727206,-0.07320814732186931,-0.030110486752328563,True,50
family_6f452079ad53f9e3,control,0.014426928227346592,-0.001488527462741529,0.014171853716120175,0.00903675149357508,False,52
family_012ed35c0fd13d06,control,0.03280679902635186,-0.03158509694273848,-0.02463024340225317,-0.007802847106213262,True,55
family_e38bf4eb3506f212,control,0.00892862891839219,-0.009325768199621498,-0.0009842097369674452,-0.0004604496727322512,True,56
family_ef2744416d3c3898,control,0.014386436743950015,0.01313644533096281,-0.03626916248236034,-0.002915426802482505,True,59
family_7349598b33c049cb,control,0.012322934601418811,-8.249630460022139e-05,-0.018522427863789825,-0.0020939965223237453,True,70
family_ce0fe6a313ad3fa7,control,-0.03835784758978733,-0.004026671638333701,0.00640195346460104,-0.011994188587839997,True,72
family_11b4c8394b81742f,control,-0.006157352217250001,-0.02700886702582861,-0.018022953557424226,-0.017063057600167613,True,74
family_db8a7f65a6428bf1,control,0.013730490562562758,-0.021398950819896068,0.0038901133286247114,-0.0012594489762361993,True,76
family_cfd4d018d597a4a5,control,0.01583421139084562,-0.022866034234056642,0.03363385918189066,0.008867345446226546,False,78
family_5599c85abb41e72e,control,0.002720604686455186,0.005216587322016575,-0.005766451183971344,0.0007235802748334722,False,79
family_5cb426dcc2868bf0,control,0.003445304986398501,0.01074749510032924,0.02364775255255025,0.012613517546425998,False,80
family_8cf04bc28e56473d,control,0.003276018267037828,-0.032171001044827285,0.009984659484773672,-0.006303441097671929,True,81
family_f758022272171098,control,0.024445404226503542,0.01928924354644268,-0.06541383056848471,-0.007226394265179496,True,82
family_ddd2c37740ff58a2,control,0.007347647636513299,-0.0029840777253341555,-0.014720158058055932,-0.0034521960489589296,True,86
family_15f4d27f85125588,control,0.02548492071618058,0.004491877842042968,-0.02844714020351058,0.0005098861182376568,False,87
family_a790cfe693f8277b,control,0.017567052053237886,-0.002687272155320275,-0.02121403451224113,-0.0021114182047745067,True,91
family_361226c27f4b583c,control,0.0031953228642735976,0.010583389849709024,0.006635275470748159,0.006804662728243593,False,93
family_efea7bec2494faa6,control,0.019811909552036266,-0.004311865175163354,-0.004404603251748296,0.0036984803750415387,False,94
family_90e4eeca3b9056bc,control,0.0030453852220264643,-0.012794103840858106,-0.009456319430047877,-0.006401679349626506,True,95
family_b976189e2858871b,control,0.0032872344464005554,-0.001643951696068957,0.001694676807189932,0.0011126531858405102,False,98
family_b4e54fd6b86765a7,control,0.025325055325066015,0.008381446095420464,-0.008359811416347784,0.008448896668046232,False,100
family_dd63a4fd117ff862,control,0.01279265379647776,0.001268097421782799,-0.0009374295117646758,0.004374440568831961,False,101
family_72340b299451623e,control,-0.003080522932627505,0.00631856605296055,0.0043997543424139085,0.0025459324875823177,False,103
family_4088ef571aaf36b5,control,0.01883352325841925,-0.0013678820564014815,-0.007962930977049476,0.0031675700749894307,False,104
family_b4dfbc9dfe23dd94,control,-0.011370919991454342,-0.010071316945085895,0.015627800065169395,-0.001938145623790281,True,105
family_9f6868eefbbbed1e,control,0.025496227127133064,-0.008439970088727544,0.0021020648696206123,0.006386107302675377,False,106
family_423d353537dce020,control,0.030905489369951633,-0.013652527572139972,-0.03257156136423589,-0.005106199855474743,True,108
family_83cee363496e020d,control,0.016918302871388458,0.00017258140981391001,0.0065546053350952205,0.007881829872099197,False,109
family_94f7ed188c628e96,control,0.009097414000311832,-0.002717615672086837,-0.007034031547602848,-0.00021807773979261777,True,113
family_b80c0a0cc51e9cb0,control,0.0067129718955377116,0.0025353656027947147,-0.005869375638421104,0.0011263206199704408,False,115
family_f24faf403f0945b9,control,-0.00010559664695120041,-0.012297452407277976,-0.03731141385568937,-0.016571487636639515,True,118
family_10c3be0f4e5ac610,control,0.013117701986925412,-0.004319299826196277,0.007558063321443931,0.005452155160724355,False,119
family_aa6f2c9ac321af63,control,-0.012732779862024313,-0.005685610350209813,0.0044658877133579855,-0.0046508341662920465,True,125
family_3498095076b2c688,control,0.028535007720479233,0.0060551481065187485,-0.013225648288147429,0.007121502512950184,False,126
family_2609262775f19fee,control,0.013730839646495463,-0.028623476162948358,-0.005807092785835244,-0.00689990976742938,True,130
family_c93045766e35cdce,control,0.004729428747202058,-0.005650110276613662,-0.011329433217020513,-0.004083371582144039,True,131
family_12c80f084ce84e4d,control,-0.001744548780099331,0.005267446293429234,-0.016089289071664625,-0.004188797186111574,True,134
family_3c16cf85716dcecf,control,0.03378796166943432,-0.005924445811967161,0.056746548441119704,0.02820335476619562,False,137
family_14836bf70ba6bcc9,control,-0.013514898884775306,-0.004925116754616932,0.009300006143977024,-0.003046669831805071,True,139
family_c5129a2465a145bd,control,-0.0015987853574402355,0.006595944775743212,-0.003764364092300354,0.0004109317753342075,False,145
family_ba5cd8130b572f33,control,0.013907456371401006,-0.021332167107992017,0.008351002800829566,0.00030876402141285136,False,146
family_4207ad52459ede8b,control,0.025407438634124146,0.02248034678505939,0.07613868165060567,0.04134215568992974,False,154
family_cfb8414dd0ed5e61,control,0.01920489660261837,-0.0033203578241112197,-0.0021646778931776467,0.0045732869617765015,False,156
family_58ec76f0444692f7,control,0.003017718028841654,-0.004292367955650911,0.0002759818401601999,-0.0003328893622163524,True,157
family_66b2e70bd2d3ce49,control,0.013169291234908953,-0.01665551829052314,-0.019310832217657614,-0.007599019757757268,True,159
family_ec8e45be3f13c228,control,-0.003906892312403543,-0.0028993559504461586,0.006062268833305351,-0.0002479931431814501,True,162
family_489085f0784e16ac,control,-0.029629760406342076,-0.0025831803860986713,0.022985174443370615,-0.0030759221163567108,True,167
family_2624676d2c88ea6d,control,0.0312910625686893,0.0038385647973973036,-0.026129266658386607,0.003000120235899998,False,171
family_4479ba395f10b6fa,control,0.017958007925402586,-0.0022093717670428337,-0.018890174698697026,-0.001047179513445758,True,172
family_63a00abd27340f71,control,-0.0021492209575281196,-0.020252040785500802,-0.010866860006329249,-0.011089373916452724,True,175
family_9dbf43a9d569c04f,control,-0.023998186201975802,-0.0006899564918979584,-0.004729040171801258,-0.009805727621891672,True,181
family_662a7ad6856a20ec,control,0.008372584237270275,0.0005947250958984185,-0.009632327209490588,-0.0002216726254406313,True,183
family_b14e195ae596f5ca,control,0.020725450665221135,-0.005991306680836805,-0.02686338018438672,-0.004043078733334131,True,184
family_f6ec39a379c5708b,control,0.005495762237667234,0.01831612462980048,-0.00868585814524736,0.005042009574073451,False,187
family_824e732522aeff8c,control,0.016554995819374363,-0.0007925350409546672,-0.0069460826365825845,0.0029387927139457037,False,188
family_499863e15eed8232,control,-0.013111676458726906,-0.017504085853085827,0.016460130437772835,-0.004718543958013299,True,189
family_88158f96b47c8463,control,-0.00855669664417924,-0.011709389276140514,0.00924527573921119,-0.0036736033937028547,True,190
family_0ae88fc74fe94e45,control,0.03209931254386911,0.031572023034095786,-0.04332085549831388,0.00678349335988367,False,194
family_c21274f2eb197439,control,0.004563063048244886,-0.009010754315107117,0.008377905368074312,0.0013100713670706938,False,197
family_41e212eb6a6f1251,control,0.025341186425382467,0.004064518082096791,-0.021735937287669316,0.0025565890732699805,False,199
family_a120ee09300e50dd,control,0.006573654116747485,0.0004804253616082499,-0.014042178642399872,-0.002329366388014712,True,203
family_8ce450e0fd5b760b,control,8.704973538398164e-05,-0.040669938568138275,-0.07623366993557756,-0.03893885292277729,True,206
family_70735ae7b3233e96,control,-0.006760509104513729,-0.0024664099506341713,0.013130439842333558,0.0013011735957285525,False,212
family_69f22f7a30e471a2,control,0.03545054859980923,-0.06331363986981542,0.02856493823702433,0.00023394898900604608,False,214
family_45a9a446b545ce75,control,-0.009324789047241211,-0.04350036382675171,-0.03506827354431152,-0.029297808806101482,True,215
family_f1ec422e65e5e3a9,control,0.01799996053803027,-0.012406828109825185,-0.0341996545698281,-0.009535507380541005,True,216
family_aa758de10b858582,control,0.05573337069222606,-0.03098912174884083,-0.12890990218540055,-0.03472188441400511,True,219
family_27dd5edc76fc8784,control,-0.00010881963754516555,-0.004796039695864618,-0.009918082432910258,-0.004940980588773347,True,221
family_3aec88616484d2b6,control,0.0155369082574629,-0.04848919245870875,-0.01721635829782464,-0.016722880833023496,True,224
family_fe02b4f4619b881d,control,0.018875500494914932,-0.02143283753565861,-0.010660177373021829,-0.004405838137921836,True,226
family_9328bcf632c26907,control,-0.005338228970842657,-0.005933610593138738,0.014019100345039115,0.0009157535936859066,False,229
family_09f6c0e15252a8f3,control,-0.0011641783058676802,-0.020646538805527248,0.03865570215017744,0.005614995012927504,False,230
family_e7f08820ef277e3f,control,-0.029478115811629624,0.023334637095656585,-0.0056709303886075535,-0.00393813636819353,True,236
family_b45145574ef29d16,control,0.03689689548769881,-0.056236860684361734,0.07800875873359403,0.019556264512310368,False,237
family_531a64b78d3f6b6e,control,-0.004930106739916007,-0.013406612722903444,-0.0230910324617965,-0.01380925064153865,True,238
family_2da4728a37224b1a,control,-0.0016119660041389317,-0.008728308977698496,0.029105878148546593,0.006255201055569722,False,240
family_e94c3b88439b9029,control,0.04002428951136172,-0.01125869132360735,-0.0686213505255201,-0.013285250779255242,True,241
family_a59a0356188b4355,control,0.008307551313811667,-0.00933259949385723,-0.02153159515676739,-0.007518881112270985,True,243
family_161d3f17d2de86cc,control,0.006525430582665193,-0.0055152907610859225,-0.005817385962570976,-0.0016024153803305685,True,245
family_7b0c7aa83467acba,control,0.00016619071680573638,0.007059215148410403,0.009787218919812768,0.005670874928342969,False,246
family_c3cdd4e1b48a655d,control,-0.0012582728937851062,-0.00028176936328683233,0.00037678933640439283,-0.0003877509735558486,True,247
family_226194ed4cf87102,control,0.00980230073649957,0.016079876878346888,-0.0437072767817801,-0.005941699722311215,True,249
family_359bf4cb84d86e8e,control,0.02882868950741513,-0.00394474773978748,-0.01860697549171164,0.0020923220919720023,False,251
family_c10f45db237bb96c,control,0.012764022022229427,-0.00171222343107158,0.0031588615172005174,0.004736886702786121,False,253
family_5b702cf6ad770b44,control,-0.0036067266847733537,0.01004878365027706,0.0037352660222563783,0.0033924409959200283,False,258
family_b3a5b65ace87c66a,control,0.01677074705170245,-0.009949542176073911,-0.00027148691081990695,0.0021832393216028776,False,259
family_c9107e559bc10df1,control,-0.024857467273744493,-0.012475489394969175,0.04662950121347631,0.003098848181587547,False,263
family_753059cc96813ec7,control,0.003581358550044267,0.003017334128438187,-0.0025020963615841607,0.0013655321056327645,False,264
family_960f71ee7da5de06,control,0.005831355021670759,-0.03727943477859064,0.011103372609688078,-0.006781569049077267,True,269
family_bbdb130f24f492f3,control,0.004742243264128754,-0.010589971610951432,-0.05250630779298726,-0.019451345379936646,True,271
family_e8fbaa3c44712ef8,control,0.010803866753080205,-0.01440276439325211,-0.02277016204825799,-0.008789686562809965,True,275
family_11716c30ab805b83,control,0.011259799408044335,0.005474050310946499,-0.026907984263021545,-0.0033913781813435704,True,279
family_6a57cb9a85811216,control,0.012590187114217999,0.006192707963611821,0.009863330073978549,0.009548741717269457,False,283
family_fc3f9109e95affd2,control,-0.013151943683624268,-0.003017927209536253,0.026112760106722532,0.0033142964045206704,False,285
family_41d870642c85787c,control,0.030701371992184923,-0.008468842147884459,-0.008112632210349413,0.0047066325446503505,False,286
family_e74855c30bc72109,control,-0.007629521772823167,0.01271925240276972,-0.026438492377173994,-0.0071162539157424804,True,288
family_bbf9bd595ed0e3ae,control,0.005722048828067039,-0.024029085713907272,-0.003412498891939564,-0.007239845259259932,True,294
family_2d97c1fe9f1f35cb,control,-0.004004074354729603,8.94409495953985e-05,-0.023221299094547287,-0.009045310833227163,True,295
family_e1fdfc5d8014a775,control,-0.005389303766086928,-0.04336144058052416,-0.04662837544363185,-0.03179303993008098,True,296
family_098eba68cc7a5705,control,0.01583964669186133,0.04226679041765746,-0.001499028309531858,0.018869136266662312,False,297
family_e5d8b71a52363ad9,control,0.0618190715393141,-0.056619919892556436,-0.01453181312526386,-0.003110887159502066,True,298
family_cb615c986d58b9f8,control,0.011373070414657405,-0.013974141382865679,0.0033151272911726704,0.00023801877432146531,False,299
family_a6b1e6c8dc05d3fc,control,0.015213888575934198,-0.00832676997171966,0.016780138400317668,0.007889085668177401,False,302
family_16690ce1f5941cee,control,0.015030473089615026,-0.01366653273259022,-0.001899384051373798,-0.00017848123144966385,True,305
family_dba84aa0b1e1bdf3,control,0.008555006277829902,-0.005725603928600498,-0.13628175974660062,-0.04448411913245707,True,307
family_e8523609850692e2,control,0.020160651552704745,-0.006564568187133912,-0.0021393803183827886,0.003818901015729348,False,309
family_28bee39b5c21fe9d,control,-0.008448296912830527,0.0034405326619213195,0.013615477919501323,0.002869237889530705,False,311
family_1cde6c60b123043d,control,0.0006472262129969264,-0.0013592850385381883,-0.0005204861640123459,-0.0004108483298512026,True,312
family_0d74725de98c4bb2,control,0.01589536498802513,-0.005713470929948561,-0.019024532892793933,-0.0029475462782391215,True,316
family_90c57504d43c4f71,control,-0.003962407538557922,-0.018924684555181592,-0.01605698277674339,-0.012981358290160968,True,319
family_2daf31b4fc409af5,control,0.026856660753388717,-0.01856901157469648,0.01337417610918279,0.007220608429291675,False,323
family_8ba71a11594a0b10,control,-0.013125393527964602,0.005168556033212757,-0.007720854113863362,-0.005225897202871736,True,326
family_d17cfeb524a60ef8,control,0.03820841484100468,-0.0355116074244739,-0.0702506342792315,-0.02251794228756691,True,327
family_c29fb15617d16c65,control,0.007434441518718582,-0.010331913512149404,-0.006457701219849732,-0.003118391071093518,True,329
family_f4ef77025e9d585a,control,-0.03525420740706453,0.012929714932069847,-0.06715251770620712,-0.0298256700604006,True,332
family_adb9f960ea267631,control,0.03249345492658923,0.00318264171892213,-0.025233566965591814,0.003480843226639848,False,333
family_c7dc176fdd0217ba,control,-0.014933325416912613,-0.002246663037066332,-0.015352023017839167,-0.010844003823939371,True,335
family_a5be12c3425856ca,control,-0.0002568651165988367,-0.001803446259047492,-0.00623782106989379,-0.0027660441485133727,True,341
family_90b698ed239c72f3,control,0.004081507786526051,-0.0040414658505179,4.6815423831336744e-05,2.8952453279829093e-05,False,342
family_31f5f0755be116cf,control,-0.007478552337887079,-0.011726870307099901,-0.03496978687069441,-0.018058403171893795,True,346
family_15270847da98bf26,control,0.015517050999621806,-0.008093733444819229,-0.0184507647803947,-0.0036758157418640414,True,347
family_f91bbb3ed944db7f,control,0.015612701741306023,0.014011971098579767,-0.00028677209862437714,0.009779300247087138,False,348
family_c4c2d9a3593749d3,control,0.023507626513293522,-0.004381750856475186,-0.006307544474564386,0.0042727770607513165,False,349
family_f6645dba4758639d,control,0.016301524298101222,9.587253717829869e-06,-0.02150566754725705,-0.0017315186651459997,True,351
family_b4cc6bf90e9fe8d0,control,0.01012993854449562,-0.014214868981720419,-0.002049461347688575,-0.002044797261637791,True,355
family_0ac37a6cf3e1a691,control,0.01670938764925367,0.009977712948427864,0.030274438217370636,0.01898717960501739,False,356
family_bce72a81e9f7a75f,control,0.012729178127060592,0.0080100020674167,-0.007010490485980736,0.004576229902832185,False,359
family_8a0b900fe4ce844d,control,0.0004579231293529995,-0.0015144239417055338,-0.0026428457354219503,-0.0012331155159248282,True,360
family_208e11010803c426,control,0.024238162563687826,-0.02078430181158808,0.018737450478080286,0.007397103743393345,False,362
family_7308f8408f102e02,control,-0.0018111529927816727,0.003685428285450598,-0.012344423214100897,-0.0034900493071439906,True,365
family_a84fdd88fca1dd99,control,-0.011721328040335877,-0.020117357811507086,-0.027741244451247427,-0.019859976767696796,True,368
family_6fdd03c196b1863d,control,0.020811409010068616,0.004004714644776808,0.017714406660381266,0.014176843438408896,False,369
family_5babdebfe8e80836,control,0.00789869606338689,0.015929928971817664,0.027018490348245883,0.016949038461150145,False,371
family_f49521b3b9139607,control,0.016467723156620706,-0.01437839807287844,-0.010396158764629515,-0.0027689445602957496,True,376
family_c2ad44d60ca30de3,control,0.00500141700570228,0.003456165465284322,0.004579844599365279,0.004345809023450627,False,377
family_7080c9dc9123eefa,control,0.002396536481954259,-0.010141902632132105,-0.020364204271239528,-0.009369856807139124,True,380
family_c8c5b3165dc3d00f,control,-0.009304851049059759,0.0036265428976894887,0.0009148285241157295,-0.0015878265424181803,True,381
family_22ce6dcdaaacc1b3,control,0.02030797083372443,0.0052934773016887204,-0.004502865329954087,0.007032860935153022,False,383
family_7a299533cf0677c1,control,0.02050816688258006,-0.003124035294639227,-0.015362242145413818,0.0006739631475090047,False,384
family_ca2717eac3411b29,control,0.0023730712055798353,-0.007259001355141459,-0.011120066082426106,-0.005335332077329243,True,389
family_8ccf630c818a7c69,control,-0.008366371184527543,0.04103518411826956,0.0408711223335253,0.024513311755755773,False,390
family_e92e73cc15be90fc,control,-0.011627235817665671,-0.03269577713128391,-0.004379482758634756,-0.016234165235861447,True,391
family_7a51865c49a891df,control,0.009866669911182735,-0.0016680705193295453,-0.012568344974477952,-0.0014565818608749208,True,394
family_42c8e9672e12c968,control,-0.007065654941158739,-0.005368696943436557,0.007899317939551953,-0.0015116779816811143,True,397
family_ca6161b56d80cab2,control,0.010826227173104996,0.00025130047664778665,-0.018307790507525623,-0.0024100876192576135,True,398
family_176e7f37ba5c58aa,control,0.01797608916576099,-0.014003362524919183,-0.020816914237267392,-0.005614729198808528,True,402
family_e166239f4cce0cbc,control,0.005065158609378395,-0.005057710201820331,-0.03357943404903363,-0.011190661880491856,True,403
family_42a2837394ab47d1,control,0.005419645659108241,-0.004807984902439499,-0.00549309237060569,-0.001627143871312316,True,405
family_48b38ab68cade6ec,control,0.005155567649149928,-0.011547451929801889,0.006381731626768805,-3.3842179610517795e-06,True,407
family_ea1251a92d0d608d,control,-0.010021415849526705,0.020494879947768274,-0.016185427705446898,-0.0019039878690684426,True,408
family_20959b526eb3f90b,control,0.041481612598259554,-0.0072092525966970245,0.023457346464941353,0.019243235488834626,False,409
family_98b6d659a93238e0,control,0.019260634316536462,-0.011008628873884985,-0.0031498744642524112,0.001700710326133022,False,414
family_474f139056c4a4a8,control,0.006142468593845318,0.008740426845509852,0.0004194611683487892,0.00510078553590132,False,415
family_56ee0f65aee3b01a,control,0.009465133642778345,-0.003134152594534756,-0.002811673658021263,0.001173102463407442,False,416
family_12b4e37d97465d0a,control,0.0032635271889822626,0.016787402153015107,0.023810535430908275,0.014620488257635214,False,418
family_28a333d9037bf992,control,0.03694190793404628,-0.009181458248002872,0.01925297471738996,0.015671141467811123,False,420
family_7dccd114e1c42fda,control,0.01976614593989834,-0.0015391734662818513,-0.0021940641651198023,0.005344302769498895,False,422
family_98f3631f76084496,control,0.020435825111027484,0.0014018340570612908,0.022646608914896227,0.014828089360995,False,423
family_cd6b8c017c692fc0,control,-0.009691170011750017,-0.018828923125231878,-0.014158975909617344,-0.014226356348866412,True,425
family_7805857c4980d13c,control,0.007662200589314605,-0.005572365991151795,-0.0024643470792498068,-0.00012483749369566569,True,427
family_ba502bbadd80dbad,control,-0.009452307557506368,-0.0009440672380847115,-0.014454019157695397,-0.008283464651095493,True,428
family_ae10005ebef62f9a,control,0.01445924660949277,0.0007465749923104559,-0.01155365222390553,0.0012173897926325654,False,431
family_1a517eb1bb640998,control,-0.014139712870912313,0.007139875281267749,-0.0009033486223543608,-0.0026343954039996418,True,433
family_44153237d3401d70,control,0.014684104691088717,-0.014022872080521331,-0.007197412917946622,-0.002178726769126412,True,434
family_f8a4c4cf96d7d3a4,control,0.04916274547576904,0.007676601409912109,-0.1363910436630249,-0.026517232259114582,True,435
family_35a8274c2c9e03b7,control,0.026071427396987035,-0.015343262876353847,-0.019594979925856182,-0.0029556051350743315,True,436
family_c199799f0010c2ba,control,0.013354137349976258,0.012258686590002843,0.013649567781799488,0.01308746390725953,False,437
family_3fe46c2063150b43,control,0.015337643255057598,0.0059239079177196285,-0.014611006492660172,0.0022168482267056846,False,439
family_ddc2b06f90b14767,control,0.00026034423476684054,-0.013352306758041554,0.004940380775309228,-0.0027171939159884952,True,440
family_ef81322fe4591b85,control,-0.015306672208063477,0.001596659089949548,-0.0165817220336546,-0.01009724505058951,True,442
family_252435156f9ef851,control,-0.010427203184614542,0.001019657589495182,-0.005507577365885197,-0.004971707653668185,True,443
family_8eb050e85c8cbe00,control,0.025120498520516787,-0.00371246220534327,-0.017930989808986775,0.0011590155020622477,False,444
family_f0e97a3ae19f4883,control,0.0008031814417402416,-0.003068337401330723,-0.006875180396695324,-0.003046778785428602,True,445
family_f7f3839ac58c1a58,control,0.03466477516937905,-0.002100593737653811,0.0042057826838179935,0.012256654705181077,False,447
family_95ae66ec7f1b9697,control,0.006445312491057065,-0.0027220085296788543,-0.010739494753229661,-0.0023387302639504837,True,448
family_5ac6bbfde7e41ea2,control,0.022773926416873258,0.0015920469839091345,0.025647390698652517,0.016671121366478303,False,452
family_cab1c6011a1fdaa6,control,-0.0004925321470116151,-0.005314498412786195,0.00046162903541879796,-0.0017818005081263373,True,455
family_17644d105f6d79d5,control,0.08451130013883268,0.0008694248901437995,-0.026848322516727197,0.019510800837416426,False,458
family_106f59648a0c9c35,control,-0.01809517042484987,-0.02809828188823038,-0.01859238613880887,-0.02159527948396304,True,460
family_3c27a50068e49a53,control,0.03875753422904715,-0.05317701491634397,0.037086356454793856,0.007555625255832347,False,461
family_0c4758d0d8c17e4c,control,-0.009132208085110727,-0.0030815567391524468,0.0002814221069986633,-0.003977447572421504,True,464
family_4857774525078786,control,0.016316411200954062,-0.0021788954286319218,-0.005076144936690397,0.003020456945210581,False,466
family_43d964487922f8ef,clean_validation,0.1446678169530713,-0.0658982692736585,-0.12628890722283814,-0.015839786514475113,True,1
family_c57c54f6ba0d776c,clean_validation,0.01705065842665865,0.005549185455767325,-0.0008439478850575943,0.007251965332456127,False,2
family_5da0ba5097bc19d0,clean_validation,0.0027763111164503806,-0.009905541769398618,-0.02852123871371781,-0.011883489788888682,True,3
family_bdc5646a39fdf7df,clean_validation,-0.0092943700800307,-0.011300659387930456,0.0078467500095864,-0.004249426486124919,True,4
family_bb3044002b4e58d3,clean_validation,0.01514954487873238,-0.011433356993028498,-0.017175129282972434,-0.004486313799089518,True,6
family_0747deadeb7f7b70,clean_validation,-0.010004823237496407,-0.032082628268567226,-0.020854731556089523,-0.020980727687384387,True,7
family_4baef2e304b84828,clean_validation,0.03474160809906168,-0.009428431387661251,-0.00948110218761733,0.005277358174594367,False,10
family_758bfda9a8447363,clean_validation,0.01596640248591652,-0.022935086516318592,-0.018384608844615014,-0.008451097625005696,True,12
family_af46046507aa5c4b,clean_validation,-0.022874299648253493,-0.017596346121454443,-0.025346215541394712,-0.021938953770367548,True,13
family_947e8f8d14934de3,clean_validation,0.009029956832528163,0.0040865251794457436,0.008451666273176728,0.007189382761716878,False,14
family_2ff844206e33f622,clean_validation,-0.00362081974794648,-0.006384395593861447,0.008910284857161277,-0.00036497682821555005,True,15
family_9eaff47c6da3797b,clean_validation,0.003183191798927676,-0.007525599389448079,-0.012356934351941185,-0.005566447314153862,True,21
family_b64927abcac796eb,clean_validation,0.017766092164578473,-0.013219450474067251,0.009429328182346763,0.004658656624285995,False,25
family_9f65f14acf3a875e,clean_validation,0.016536666732731353,-0.011821738466764375,-0.005201895320833039,-0.00016232235162202033,True,34
family_a205b4830de0571b,clean_validation,-0.007009462784594467,0.011136948480380715,0.008109868530213227,0.004079118075333159,False,35
family_041ea9c412b040a1,clean_validation,0.025507832095864158,0.005057216427299394,-0.0011969274215484216,0.009789373700538376,False,36
family_4ff754452abfe1ad,clean_validation,0.009957953434561961,-0.02164202903354806,-0.038113310183189086,-0.016599128594058394,True,37
family_4ac111dfdda85e07,clean_validation,0.13360059261322021,-0.03458857536315918,-0.012094259262084961,0.028972585995992024,False,38
family_e99579b2e183d1df,clean_validation,-0.0026299432905950715,-0.01593874758267899,-0.021674167681731804,-0.013414286185001956,True,39
family_8c6ad2ae9108308a,clean_validation,-0.003537562877199793,0.004031410422863778,-0.0003971104209557208,3.224570823608802e-05,False,41
family_5da5a44d5ce0c35c,clean_validation,0.018420389115746505,0.009404353933191278,0.020899667585266624,0.01624147021140147,False,43
family_f316d9b341fbcc19,clean_validation,0.007845860650232628,-0.03006830604665789,-0.042386453021261095,-0.02153629947256212,True,44
family_589dd5dee42e0ba5,clean_validation,0.005838316949297706,0.00367760817098417,0.033741912506294325,0.014419279208858734,False,47
family_d43af69a6d60a3af,clean_validation,0.012761346083048852,-0.01968104760825723,-0.025046688240666137,-0.010655463255291505,True,49
family_94351083126b6b1b,clean_validation,0.0077387875319936406,-0.018260512080816027,-0.00011723285083320434,-0.0035463191332185304,True,51
family_98892bedb7f9d59b,clean_validation,0.003799595026172664,-0.014921171845555525,-0.024247681594167125,-0.011789752804516662,True,54
family_b45e27dc8b0341f7,clean_validation,0.030660733796117334,0.003370459864561637,9.909773110750031e-05,0.011376763797262157,False,57
family_c7ff83fca90f3302,clean_validation,0.013776032076259326,-0.005386408062735992,-0.006310143974458338,0.0006931600130216653,False,58
family_da99c7268499e201,clean_validation,0.008225783173406054,-0.012057995389346043,-0.07075724118941196,-0.024863151135117317,True,60
family_1e497d5fdffc2861,clean_validation,0.012142538331275765,-0.0052002363426740805,-0.001569159964258382,0.0017910473414477675,False,61
family_ebe8375ee890567f,clean_validation,-0.004745520338290898,-4.797481780205448e-05,0.007566295160056025,0.0009242666679876906,False,62
family_c80507fcf9585b1a,clean_validation,0.02053168206877709,-0.00545378133490404,0.013561015297140933,0.009546305343671327,False,63
family_9b9f0055f4a82932,clean_validation,-0.004754466292095527,-0.018902760012636577,-0.00465607850680827,-0.009437768270513458,True,64
family_70436089a4c770d4,clean_validation,0.009503542183289415,-0.05530816081728429,-0.04617457492252974,-0.030659731185508205,True,65
family_79c56d72187d17b4,clean_validation,0.022160219315948027,-0.0022504636800778632,-0.010066936948190941,0.0032809395625597406,False,66
family_a6318d458c7ff0f0,clean_validation,0.0038685186342759526,0.025377045281521626,-0.03578488308113892,-0.0021797730551137797,True,68
family_749fba182099ed6d,clean_validation,-0.00402213682667385,-0.0041250026332888545,0.030370360490759918,0.007407740343599071,False,71
family_65381b6f4bb99830,clean_validation,-0.009832620620727539,0.0052613019943237305,-0.10157370567321777,-0.03538167476654053,True,73
family_294bd1c8183f7513,clean_validation,0.030177380756891692,-0.018351477183040643,-0.005228350956266392,0.002199184205861552,False,83
family_9d7e640ca06153e6,clean_validation,0.01732087044510988,0.0003509135218336956,-0.0031655882718041317,0.004835398565046482,False,84
family_749f025de5f99eeb,clean_validation,-0.010130116369583386,0.0018142856967266474,0.015890208073639722,0.002524792466927661,False,85
family_e8cb9897ff240a4d,clean_validation,0.007683830305854289,0.013423020667570784,-0.009966509204679452,0.00371344725624854,False,88
family_91fe9ebe937e9a4f,clean_validation,0.014078448330634596,0.0006856365455390478,-0.023781984122142108,-0.0030059664153228214,True,89
family_9464bde23ede34ad,clean_validation,0.002167178960615246,-0.020505133584059365,-0.24189407360847137,-0.08674400941063849,True,92
family_825a5ea04144cdf5,clean_validation,0.02589387838223034,0.016993352302205222,-0.01075581301477968,0.010710472556551961,False,97
family_8024beb4c78afab2,clean_validation,0.01937179071670872,0.004178354043071569,-0.0034652620048846172,0.006694960918298558,False,99
family_b29c451a4015599c,clean_validation,0.013967392186910899,-0.0006087057489444492,0.019309092689635765,0.010889259709200738,False,102
family_2011077d07b209b8,clean_validation,0.0026845655573045635,0.010320824482620838,-0.021466409207458792,-0.00282033972251113,True,107
family_958e7885cfed5eee,clean_validation,0.02035866732351488,0.0008070443831434959,0.006976270226804582,0.009380660644487651,False,110
family_edcd18dc1b4c2424,clean_validation,0.016691938042640686,0.004660417484182888,-0.005462797540250586,0.005296519328857663,False,111
family_854445fdf03203cb,clean_validation,0.002029807077870871,-0.00917025044777725,-0.017651170847745645,-0.008263871405884008,True,112
family_454ee4f6b5b8ec97,clean_validation,0.009729019609267309,-0.0034270687644079034,-0.0057728536504979555,0.0001763657314538166,False,116
family_fef5119467f26a60,clean_validation,-0.009933341614210445,0.000852096206043762,-0.022519922298224304,-0.010533722568796996,True,117
family_ba9708f285319401,clean_validation,0.027661228790915204,-0.037208490550590057,-0.008952402842685503,-0.006166554867453451,True,120
family_ce89062820b48da8,clean_validation,0.010290427207946762,-0.003927461671047516,-0.01083173466510462,-0.0014895897094017914,True,122
family_ec197f9194f4a13c,clean_validation,-0.004498652888066834,0.028133560181696105,-0.04497991502285004,-0.007115002576406922,True,123
family_c3461b971572611a,clean_validation,0.013389375806745485,-0.006379467325515531,-0.006439934959507121,0.000189991173907611,False,124
family_7027306433055f85,clean_validation,-0.01479194336018308,-0.01420404096107708,0.056412357159253634,0.009138790945997824,False,127
family_6e62e1ee9b4413df,clean_validation,0.01593462297702558,-0.0019253022896969507,0.0017055712248149613,0.0052382973040478635,False,128
family_362a9e5c40bfd73b,clean_validation,0.032078715849844563,-0.025946662851293323,0.010275333473817927,0.005469128824123056,False,129
family_93a719e9b96d4d31,clean_validation,-0.0009938502959863094,-0.013091152644945536,-0.01015503292544806,-0.008080011955459968,True,132
family_8d09b59dc4c3c92c,clean_validation,0.007394218372098749,-0.007005346445608129,0.007449796827662447,0.002612889584717689,False,133
family_0a67bbb9b9e07256,clean_validation,-0.010668767641384802,-0.006265815501413474,0.011560349207282217,-0.0017914113118386865,True,135
family_7b039bf480df9b15,clean_validation,0.011057415332160203,0.012321284933433652,0.014033815454578158,0.012470838573390671,False,136
family_760ef99c05a28dc4,clean_validation,0.008889977298030982,-0.0094621164261261,-0.014853095560404594,-0.005141744896166571,True,138
family_2610a466be6431bd,clean_validation,-0.02932938807397767,0.029866833723603436,0.020461568075285874,0.0069996712416372136,False,140
family_461db8faf995097d,clean_validation,0.011782720265254176,0.00016953302940853066,-0.004239527482382044,0.0025709086040935545,False,143
family_df37c270d2661cca,clean_validation,0.009751083516303605,-0.007465049768276666,-0.019840738682155412,-0.005851568311376158,True,144
family_dc13ea4fc01e4240,clean_validation,0.030245656958120648,-0.01915101754831161,0.015662149759068322,0.00891892972295912,False,147
family_a8dd94fe3475ea7c,clean_validation,0.01256836646610926,0.01553187861884986,-0.0567585077072747,-0.009552754207438527,True,148
family_fff32f675df6e246,clean_validation,0.007459036284253262,-0.035429584882501364,-0.08145380466673413,-0.036474784421660744,True,149
family_83d92120bf78fb00,clean_validation,-0.0029084793186888724,0.018399930155884592,-0.0003042891598299402,0.005062387225788593,False,150
family_6e5e431caa44724b,clean_validation,0.03688692936762761,0.005256209657599875,0.050234409845898,0.03079251629037516,False,151
family_d2ed6dff028b8bfe,clean_validation,0.0033882349779070786,-0.001263798845111519,-0.014430878905378197,-0.004102147590860879,True,152
family_a867a9ff31d7e843,clean_validation,-0.022684246301651,-0.00019115209579467773,-0.021879106760025024,-0.014918168385823568,True,160
family_d5eeefd1295fe235,clean_validation,0.02886665113894482,-0.011849927115992864,0.05199068737964996,0.02300247046753397,False,164
family_62ccf7e9625e13cf,clean_validation,0.019268298463942624,0.005904062489247464,0.004703196905550877,0.009958519286246989,False,166
family_9087822f50091590,clean_validation,0.0074956485372094095,0.0005517005505913941,0.05436550816508101,0.020804285750960605,False,169
family_da99763bd9ab0129,clean_validation,0.003368193978693923,-0.0364223144837279,0.0028778133488920332,-0.010058769052047315,True,170
family_1146afc43ba8a3c6,clean_validation,0.03087096050295196,0.0003313067111563317,0.017581540385055827,0.016261269199721373,False,174
family_96434369b3f61fa2,clean_validation,-0.00029815649797793053,-0.027313396322868555,-0.016092824794558203,-0.014568125871801563,True,176
family_ae2839615ac6b954,clean_validation,-0.010821390846919576,0.03197163072325804,0.024319036964572938,0.015156425613637134,False,177
family_eb03af6100c4cc53,clean_validation,0.009479174932976231,-0.024661862844124194,-0.05684397256092333,-0.024008886824023763,True,179
family_c306f596e2b53370,clean_validation,-0.0017634754735688096,-0.018062050831654797,-0.052425321110664336,-0.024083615805295982,True,182
family_f0661de6bc71701f,clean_validation,-0.009201840584965981,-0.007263168416321575,-0.0018747358961702654,-0.006113248299152607,True,185
family_6947476df68e3d6b,clean_validation,0.0073167906463647014,3.4231035148435396e-05,-0.019689650595689,-0.004112876304725288,True,186
family_a835909477e34760,clean_validation,0.010458445331141042,-0.0149912641512705,-0.011274061438346972,-0.00526896008615881,True,191
family_c21b420244a2f529,clean_validation,0.01021036241310036,0.00404959011561179,0.006086871077158773,0.006782274535290307,False,192
family_5d3d1daaec343597,clean_validation,0.005837277939674479,-0.0006271754051639933,0.004486292193040531,0.003232131575850339,False,193
family_281fa10bb1bf325c,clean_validation,0.0022107361649500445,0.0020517949941079028,-0.020643001597230648,-0.005460156812724233,True,196
family_cf1575c3514d386a,clean_validation,0.003925701869825715,-0.013090616346292994,0.0069609801566137275,-0.000734644773284517,True,200
family_7cfa6c1d3b3b22dc,clean_validation,-0.006086802727765461,-0.013594725980856703,-0.01803415799202218,-0.01257189556688145,True,201
family_210dd87434e478ea,clean_validation,0.007846646509794164,0.002431687599802501,-0.007380661482017992,0.0009658908758595578,False,204
family_845b8b035d42a3a5,clean_validation,0.0006251162279348188,-0.0034044565678540417,0.014567811554210164,0.003929490404763647,False,205
family_34a64d8a4071e429,clean_validation,-0.01233190135890938,-0.011660714681838269,-0.026425003743066777,-0.016805873261271476,True,207
family_f40ceb541a7c4872,clean_validation,0.02109561741202115,0.03899827522975108,0.0013881827606032626,0.020494025134125165,False,208
family_8527ab32edd1926e,clean_validation,-0.012749234882387883,-0.012819495262002434,-0.016236176171887773,-0.013934968772092696,True,209
family_98d33eafd0a315ec,clean_validation,0.020033325984122885,-0.032564952753959764,-0.024302958636841843,-0.012278195135559574,True,211
family_6ea983efd760219c,clean_validation,-0.0009555138346731828,0.002437121769832351,-0.0004260058816593082,0.00035186735116662,False,213
family_806c28890e83d1b7,clean_validation,0.010573916878455769,-0.021978344489366586,0.017528523176144284,0.002041365188411156,False,217
family_6d8e82b92757700b,clean_validation,0.012086473058438352,-0.003640058597016993,0.008038515405397628,0.005494976622272996,False,218
family_a6ef80809cd67f36,clean_validation,0.007268511463304594,0.0007585439018839568,-0.0025666053838643843,0.0018201499937747223,False,220
family_9a9cfd28ebcce477,clean_validation,0.01783193020502516,-0.01060409959588271,-0.020427231954879832,-0.0043998004485791276,True,222
family_d3608e2028ea88cd,clean_validation,0.021837286212309903,0.003969925672212216,-0.004213458095795708,0.00719791792957547,False,223
family_b45f7b534a6e0f39,clean_validation,0.01634878695931241,-0.003683061239507235,-0.003173116871054704,0.003164202949583491,False,225
family_8cd248050ccc3c0b,clean_validation,0.025649906603699812,-0.007959640507599675,-0.027837191701045816,-0.0033823085349818927,True,228
family_84e8622dd9f0f58c,clean_validation,0.011254918042375162,-0.0058477383471838285,-0.0005171396737761458,0.0016300133404717292,False,231
family_7d73bacb566d84de,clean_validation,-0.0018389723846492512,0.036122221108784824,-0.004585363771460349,0.009899294984225074,False,232
family_90cefd12934f9e67,clean_validation,0.009559721533330845,-0.008336177879313067,0.008949180543783686,0.003390908065933821,False,234
family_5d2bdbbdab0c254a,clean_validation,-0.018167483176024457,-0.022484802263671888,0.016807224470291926,-0.00794835365646814,True,235
family_825c369d9b6227f5,clean_validation,-0.006906721868442489,-0.0013594837583063013,-0.002369386218346592,-0.003545197281698461,True,244
family_9712f1cb39590627,clean_validation,-0.01559383568972561,-0.00694166700335308,-0.04546431120294725,-0.022666604632008647,True,248
family_a95d783f29ff5f7c,clean_validation,0.005028241567323455,-0.005108513359014688,0.01386188219317308,0.0045938701338272825,False,255
family_54fc1cace3776e46,clean_validation,-0.004117299648041417,0.027569107400610138,-0.22357341106901774,-0.066707201105483,True,256
family_9dbad3b7dfff2d80,clean_validation,-0.003544626406309148,-0.013099212263879001,-0.011209469049529686,-0.009284435906572611,True,257
family_b3fc875c4307367f,clean_validation,-0.0035128050823275414,0.008563603744857706,0.0009208294659553973,0.0019905427094951875,False,260
family_44b8f32f06eed8e1,clean_validation,0.008316802601393225,-0.008274963928078027,-0.003943992056969714,-0.0013007177945515054,True,261
family_2cc60a8f69107434,clean_validation,-0.017697629234270984,0.0015206754829328317,0.0074156650102635835,-0.0029204295803581895,True,266
family_6f3ca8e10898152f,clean_validation,0.021301185482828666,-0.011406460076521574,-0.026278996910465535,-0.005461423834719481,True,267
family_f564283e7832e835,clean_validation,-0.016492372745772643,0.009959807717905833,0.011438696392807035,0.0016353771216467416,False,268
family_3870744e242d6177,clean_validation,0.00042562737287615837,-0.0016358582711238356,0.005087354033608299,0.0012923743784535406,False,272
family_e181dee2375ee769,clean_validation,0.014916133189846636,0.0011440388118947875,-0.003282642319002216,0.004259176560913069,False,273
family_0e127a8896fec497,clean_validation,0.009311081266667909,0.001228696259897466,-0.005015178869823389,0.0018415328855806619,False,274
family_583f2140bd02905c,clean_validation,0.02065129847817193,-0.011767486547607064,-0.024235036931072984,-0.005117075000169373,True,278
family_92d2c512717f57fa,clean_validation,0.0024288388500582903,-0.0036762617961851873,0.004839169384700082,0.001197248812857728,False,280
family_4b71b56cfd8299d7,clean_validation,0.011116837855075223,0.0025219028908486374,0.01115611545151629,0.008264952065813383,False,281
family_f59f5e228f38301b,clean_validation,-1.3750334994289126e-05,-0.013058476604427494,-0.0009471768727895569,-0.004673134604070446,True,282
family_f24572f09d62eaf7,clean_validation,0.013676442069595951,-0.0018031147686210502,-0.014378137347480058,-0.0008349366821683857,True,289
family_4ebace72e4a1d8c0,clean_validation,-0.002912211732942094,-0.012193738975190105,-0.020628874136295217,-0.011911608281475805,True,290
family_2b1f911727bc0f28,clean_validation,0.0014523571644790012,-0.007064186828159902,-0.03244805221750868,-0.01268662729372986,True,292
family_ddb5bf4ea432508e,clean_validation,0.048996497037225084,-0.01559181010625399,-0.018619179939393105,0.004928502330525997,False,293
family_3a2249f8e96bbaf7,clean_validation,-0.0019732559661813642,-0.0023368640498019344,-0.02495429328204435,-0.009754804432675882,True,300
family_6c0a1a049e992ced,clean_validation,0.016697070475161224,-0.01727642134407137,-0.06526074690738226,-0.021946699258764135,True,301
family_43ed51b024989987,clean_validation,0.0012067471160814858,-0.014039455487422359,-0.0147348338203388,-0.00918918073055989,True,303
family_9c8265b1eeaa3ea5,clean_validation,0.006583723056962976,-0.039774381512008294,-0.10720694446431078,-0.0467992009731187,True,304
family_30e6b27558fb2cfa,clean_validation,-0.0014725777086933012,0.006196780804915952,-0.006752832904714096,-0.0006762099361638149,True,308
family_3a7a2c2be46cda8d,clean_validation,-0.05117138031816382,0.05225170580412075,-0.10756193525807789,-0.03549386992404032,True,310
family_7b29d747f514c69c,clean_validation,0.03220719808077377,0.022883478218946984,0.05078159632925605,0.03529075754299227,False,313
family_96b0ad618634da70,clean_validation,-0.013387971718368807,0.020791375404828616,0.005593850904581477,0.004332418197013761,False,314
family_50127f8134d80d88,clean_validation,-0.0036419740417129587,0.002911992177012823,-0.023890360303872815,-0.00820678072285765,True,317
family_f93c07f1442fee3f,clean_validation,0.01777174607048365,0.0060978394069846065,0.0027832824224112707,0.008884289299959843,False,318
family_714ef4d49b7733fe,clean_validation,-0.00792357491122353,0.0026409924030303955,-0.013433117005560158,-0.006238566504584431,True,320
family_cd21aac5ba3653c4,clean_validation,0.005395710500811446,-0.010588690280831536,-0.0064710720349204776,-0.003888017271646856,True,321
family_ac9524106bb16e6a,clean_validation,0.011445144206559621,0.0008176890685273053,-0.013720069388992395,-0.000485745371301823,True,322
family_5b29d45b1b74f69b,clean_validation,0.0031616744032327837,-0.029389711441817123,-0.05143606887068786,-0.025888035303090733,True,324
family_faee5ab013f7ff85,clean_validation,0.007876599401747564,-0.005624411870992163,-0.014988341523893167,-0.004245384664379255,True,325
family_bddc3df46e1612bd,clean_validation,0.016535198945156537,-0.005147059404504883,0.008434950597390634,0.006607696712680762,False,328
family_4583de96403df727,clean_validation,0.017781262965249955,0.0009849135323701796,-0.00882069269816077,0.003315161266486455,False,330
family_1372580fd5d82eeb,clean_validation,0.022504695760160787,0.0017866632124649007,-0.009978960269671683,0.004770799567651335,False,331
family_acf3abf491a50830,clean_validation,0.012621232451417608,0.007550415072169581,0.004062833734008009,0.008078160419198399,False,336
family_ea8d34c1c2cf62d4,clean_validation,-0.00047455532138518386,-0.015393787657195346,-0.008668881430835884,-0.008179074803138805,True,337
family_3ae653f192390f38,clean_validation,0.00028109928404074225,-0.007754767610543056,-0.0030818119699107527,-0.003518493432137689,True,339
family_40a7f24054f6cf1b,clean_validation,0.019728691777005758,-0.0049839162140218884,-0.009942276503782543,0.0016008330197337755,False,340
family_ec7448c261485925,clean_validation,-0.01000386141791143,0.008946846623726024,0.0017317739613538219,0.00022491972238947167,False,343
family_604fb05b51791b98,clean_validation,0.02267242007785364,-0.0039343038836756605,-0.01437287115835928,0.001455081678606233,False,344
family_707a66a54d5d07f1,clean_validation,0.02045315683786597,0.010815498816907132,-0.02409997173803624,0.002389561305578954,False,350
family_c02706043ada877d,clean_validation,0.00456518456136823,0.030702634338462098,-0.008110099316293029,0.009052573194512433,False,353
family_4b852dbf1e794923,clean_validation,0.022365519097678477,0.0008006913840694629,-0.01124802602897601,0.0039727281509239765,False,357
family_ea4d93ae43323fc0,clean_validation,0.012679330122924548,-0.015964878224171586,0.003902939570403885,0.00020579715638561572,False,358
family_2166721ea9bb40e6,clean_validation,-0.008210726641443733,-0.0023300011120541697,-0.025168914133341436,-0.01190321396227978,True,361
family_268f9f3a9379fd20,clean_validation,0.012639310231990053,0.0016205933246684623,-0.01139847325290888,0.0009538101012498782,False,363
family_740827909b2759df,clean_validation,0.002492977401851504,-0.013311198366954269,-0.005963575259774201,-0.005593932074958989,True,364
family_bee193805f6f119f,clean_validation,0.003932073322351237,0.009515024754122248,0.0138802581843529,0.009109118753608795,False,366
family_3325f7b7624711c2,clean_validation,-0.009825157085690983,0.006933163739644588,0.037964058452156,0.011690688368703203,False,367
family_cda09d6383ad975d,clean_validation,-0.004447247233322904,-0.005547982771465176,-0.004134450599379003,-0.004709893534722361,True,370
family_656a111a8d37395f,clean_validation,0.01163567143354638,0.005031252404681941,-0.011828093959769803,0.0016129432928195058,False,372
family_ebf34b90acdb9333,clean_validation,0.0067507916035975946,-0.003589244229392885,0.008539438804046728,0.0039003287260838126,False,373
family_ea58f8138f27b5e0,clean_validation,0.0011623502460517132,-0.007241076728521145,-0.00465304271093947,-0.0035772563978029672,True,374
family_d018701072ce56d1,clean_validation,0.007193531078154791,-0.022597734039724093,-0.04614586659420716,-0.02051668985192549,True,375
family_5cdfacf570ceb179,clean_validation,0.031123078865072373,-0.008540142085666003,-0.0007391827865775857,0.007281251330942928,False,378
family_6a1661bec1a85809,clean_validation,-0.008557498629089055,-0.008705347451230083,0.002135191816365456,-0.005042551421317894,True,379
family_62910d812650e6c3,clean_validation,-0.0014650157442522849,-0.023386370312359905,-0.04209897416694397,-0.022316786741185386,True,382
family_cd9083de535c9789,clean_validation,0.0048685469322048425,-0.008213963024622739,0.0014350070371940138,-0.0006368030184079609,True,386
family_7928fb3bcf30fe40,clean_validation,-0.013650922430609835,-0.013038848844619144,-0.032536493728128946,-0.01974208833445264,True,387
family_0c1eaf227312a9e3,clean_validation,-0.010938071302677432,-0.027335633353912647,-0.003693996528516985,-0.013989233728369022,True,388
family_49ecae9a5efbb319,clean_validation,-0.003916999443786207,-0.03906301351693964,0.05985587529647052,0.005625287445248224,False,393
family_66fe0fff60f28bb8,clean_validation,0.007886994291036564,-0.0020643197395049384,-0.00658329125268825,-0.0002535389003855415,True,395
family_6e4b2298992c0064,clean_validation,0.03363489152835697,0.01272631245244138,-0.022091365489498305,0.008089946163766681,False,396
family_563fe3303eebd925,clean_validation,0.03165396808207721,-0.009827379131160607,-0.008224482345789874,0.004534035535042243,False,400
family_f23f6749eb1b82cb,clean_validation,0.021978980732310194,-0.023858846102186027,-0.04985370388174393,-0.017244523083873253,True,404
family_82ec8fa32d7834d5,clean_validation,0.008888867159423774,-0.0011740675239853005,-0.011234243167473512,-0.0011731478440116794,True,410
family_5e036e81da0eb73a,clean_validation,0.03983477707865807,-0.006907009967766553,-0.005052578716686296,0.009291729464735074,False,413
family_857ac66271083d60,clean_validation,0.004892470195437926,-0.013235641970778866,-0.024451924553423265,-0.010931698776254736,True,417
family_bce1d9194265651f,clean_validation,0.015191107395365167,-0.005135600247207994,-0.0027809065773790054,0.0024248668569260556,False,419
family_131dc61b0ead1e81,clean_validation,-0.003189909812363001,-0.01272172629703483,-0.02271402410880652,-0.012875220072734783,True,421
family_aa8223246d86399a,clean_validation,0.019367486238479614,-0.006059765815734863,0.019153714179992676,0.010820478200912476,False,429
family_ff7d06f50d504d40,clean_validation,-0.02949452237250555,-0.012522558324219224,-0.0400926052865922,-0.027369895327772325,True,430
family_d523e2dc4868e3d0,clean_validation,0.0165299859903405,-0.01770150330251319,-0.009593020372861139,-0.0035881792283446088,True,432
family_7edc82a2252e2e6e,clean_validation,0.011556272537768975,-0.016166074943655406,-0.010261473375498875,-0.004957091927128436,True,438
family_39c264b6af7f8b4c,clean_validation,0.009728779544942334,-0.015814219972687393,-0.01781480345077724,-0.007966747959507433,True,446
family_1965f1d691ff77ed,clean_validation,-0.008257508277893066,-0.023899316787719727,-0.01802515983581543,-0.016727328300476074,True,449
family_8e6f7d5acf9b6927,clean_validation,0.0103969021985868,-0.009507521763655213,0.018826343152338665,0.006571907862423417,False,450
family_16b06ae7177592f2,clean_validation,0.00945806683246364,0.009613729981800267,0.007143469685215065,0.00873842216649299,False,451
family_7c163ae15fc00b82,clean_validation,-0.004035236398633291,0.006367235964257645,0.02991915740883283,0.010750385658152395,False,453
family_da1dbdb1ef9b795a,clean_validation,0.0019635961436325067,-0.0013935771283182241,0.014111189591477613,0.004893736202263965,False,454
family_9426b994e131f361,clean_validation,0.0014068890701640635,0.0018517998513430944,-0.10267469344157432,-0.03313866817335572,True,456
family_27a4c5018af1ecf2,clean_validation,0.027766253551336995,-0.0005630444590242201,-0.0005973080230968764,0.008868633689738633,False,457
family_b4530dd2f9439dd4,clean_validation,0.017925552089101404,0.008626195077113152,-0.0009948329612222695,0.008518971401664096,False,462
family_844bdfa71db6282e,clean_validation,0.011408223393706812,-0.005167395177209877,0.002225967065838108,0.002822265094111681,False,463
family_214883dfb6ba99a4,clean_validation,0.007013146008286508,0.009010676635760051,0.01963490005408497,0.011886240899377176,False,465
