seed,condition,family_id,nll,token_count,family_order
202608040,clean,family_d1a92696717aa9c2,0.595659978675719,3093,19
202608040,clean,family_3835425eafb00035,0.8436327519287404,1216,74
202608040,clean,family_a534382ff42b71fb,0.4931516745715465,412,88
202608040,clean,family_6d17de7e325f25f8,0.45652224082647974,4197,63
202608040,clean,family_56b1bf9100abf79a,0.4659819711616624,779,25
202608040,clean,family_9edbfcdbf27d8472,1.3337136916592822,15674,9
202608040,clean,family_db6398f302f77cb4,0.3329832045815689,3153,77
202608040,clean,family_776fb0c74fb6af96,0.6620558616514008,10203,24
202608040,clean,family_be459453ebdfa1da,0.7610906802066676,1748,87
202608040,clean,family_439fc19617b55d44,0.599798005035049,3230,37
202608040,clean,family_328dc279bafe7f69,0.5809831006918103,2560,28
202608040,clean,family_ac0566dd944bc201,0.8684296486661712,3803,41
202608040,clean,family_3fbe0e330aecdc00,0.7930199503898621,477,67
202608040,clean,family_04795413b15e0b98,0.8960037835958329,704,79
202608040,clean,family_348b29b5f47eda18,1.0575656678379657,1108,21
202608040,clean,family_f77d449f1658a159,1.086049469308391,8731,35
202608040,clean,family_39849966d6043c11,1.132699966430664,242,48
202608040,clean,family_af212e596b07120e,0.9232067484026566,3169,52
202608040,clean,family_2d3e3d92f30c4369,0.5130190061936635,9069,82
202608040,clean,family_f0c0dd7c2f3b6a3f,0.5394525970894234,1674,90
202608040,clean,family_5aaa5f6f546aa704,0.9743989471545041,2491,11
202608040,clean,family_78031f033e192cce,0.7260915044385291,5759,3
202608040,clean,family_961cefc620e3d5ab,0.7557066082954407,467,53
202608040,clean,family_fe2836cc1cef695c,0.771506408155596,3303,42
202608040,clean,family_0f71c7e0830e1d85,1.1019518059865783,9124,86
202608040,clean,family_2dbafe5054d4bee7,0.314439261687734,6286,54
202608040,clean,family_52885ec61f0240b9,0.7273850894347356,14987,96
202608040,clean,family_b88eee6ecd7ef6bc,0.8066213990087474,5460,46
202608040,clean,family_de67cf52f9a2ce89,1.1249416600927395,20432,29
202608040,clean,family_7b8c8789f38183da,1.0253779192998203,854,38
202608040,clean,family_774f10d6c3d75980,0.7918358756045025,10665,17
202608040,clean,family_6fbe37a0a6611f64,0.688130038605582,29458,73
202608040,clean,family_c64269798048b60f,0.7043329926836291,12501,93
202608040,clean,family_f60bd4cc83d02add,0.7368691028919585,8558,84
202608040,clean,family_39f58e2fd604c61e,1.0689294338226318,61,51
202608040,clean,family_101bf32d18499c7d,0.6082681498730146,1918,95
202608040,clean,family_e97b637c75aac2b5,1.0590174198150635,156,89
202608040,clean,family_e2c30beb0d4abeae,1.1239032728161065,12995,66
202608040,clean,family_581cf690b70ed77f,0.961869614304608,3028,30
202608040,clean,family_9ccd2f467361ebab,1.0437616596613735,1789,44
202608040,clean,family_6342008bae187399,0.4458061748422509,8256,83
202608040,clean,family_8661140073b6a2ab,0.8464277982711792,266,97
202608040,clean,family_1a8ff9e18d3eabea,0.6126853842899282,1890,16
202608040,clean,family_b324bd83d2be3825,0.7619823622582642,8479,58
202608040,clean,family_23e85181dd747797,0.6758621840641417,725,99
202608040,clean,family_b3ba3218de08f591,1.3532463386437092,9580,8
202608040,clean,family_38ddaabf01adae92,0.5165829218957283,6949,12
202608040,clean,family_5405158fe7a3977d,0.6303308840151186,945,71
202608040,clean,family_e4e4467ef74cc720,0.3827100396156311,336,57
202608040,clean,family_4f1b63b3eef9f7d0,1.044254867871909,1037,75
202608040,clean,family_7a300c986fbfa9f2,0.8956332247832726,522,18
202608040,clean,family_6f0024d47bda9a44,1.0341763863295768,463,45
202608040,clean,family_746d1e0c3274827f,0.372171832071844,1191,62
202608040,clean,family_6a42731481dda124,0.9255224662073424,1084,56
202608040,clean,family_0ecded087f80d73b,1.4419785153374456,15697,61
202608040,clean,family_5facacfb4d33d062,0.5722277741700156,5721,1
202608040,clean,family_5cc4efa05e4dc250,0.5500136613845825,251,13
202608040,clean,family_4731a6d05dff34ce,1.0820712202004514,17077,15
202608040,clean,family_c3ae851031cec2bb,0.931759416738296,5610,91
202608040,clean,family_30fbd9977a220042,0.7241543231594507,48674,81
202608040,clean,family_e3c89d0945320ec5,0.7686266964814794,508,0
202608040,clean,family_f99e7467cfd91d72,1.160941850784612,639,23
202608040,clean,family_0a0ff01b239a934a,1.03727098957437,3294,55
202608040,clean,family_5ebcadebe538bd59,0.5033866167068481,166,31
202608040,clean,family_2fe71bb032cb85fe,0.5021893304910714,533,20
202608040,clean,family_e0f7e5849dbe9388,0.8160024566967754,6626,72
202608040,clean,family_c3abd4306e03adf2,0.8083900704103357,3859,34
202608040,clean,family_83b27a32aa56f9dc,0.45071234916784275,1559,68
202608040,clean,family_fa3341292470541d,0.9012380147826742,2535,22
202608040,clean,family_15b8f6d235825863,0.39713530340333925,548,2
202608040,clean,family_a95aeca85317a04d,0.769719266137978,10236,50
202608040,clean,family_3dffb074803c8f80,0.3965591786599776,7309,47
202608040,clean,family_1cfa4116628ae42e,0.586236917658856,1026,94
202608040,clean,family_f53ae103dc0def58,0.9477521888370083,1238,26
202608040,clean,family_3db848c291e71542,0.43786499024641634,1287,14
202608040,clean,family_76f3986b08ecfc19,0.9130887330127367,3583,10
202608040,clean,family_121eefce620403f7,0.7324053240567558,13214,36
202608040,clean,family_8aff46e64d1c8360,1.0086588710809326,20977,33
202608040,clean,family_debbecc1e7f77f3e,0.7073342093599054,4952,4
202608040,clean,family_f19aa9a5e722eb61,0.42306590344109785,1779,49
202608040,clean,family_d0b38ee50d018148,0.8442594064497094,1815,92
202608040,clean,family_aad2d66dec95dc7a,0.5549694541338328,1036,78
202608040,clean,family_59add5a121b9a616,0.6794632891107937,985,59
202608040,clean,family_c2d4ffa1539bdafe,1.1034071847726192,12091,27
202608040,clean,family_58a5b18cf3751bf1,0.7018835207667965,1157,6
202608040,clean,family_8f08581ca21b6c6f,0.6306771339854477,638,76
202608040,clean,family_5d6a15b20dff7233,0.6530380361519615,5203,5
202608040,clean,family_eacebc389812585f,0.41210905348927507,1312,98
202608040,clean,family_3bd7e5ca43f02666,0.43486473696454586,578,65
202608040,clean,family_da2cbb03fa208ffc,0.46083554933811055,377,7
202608040,clean,family_5fe0b889b5279fed,0.5830702869849682,15281,32
202608040,clean,family_58c32a6b58cc329f,0.5285483181294316,654,69
202608040,clean,family_d4c8efafc098f593,1.082259863657343,4931,80
202608040,clean,family_853b6705e7d7e7a9,0.6718722905116618,6166,70
202608040,clean,family_7c104874587dddcc,1.11395754541757,1558,39
202608040,clean,family_2eec85a0fe915e64,1.1071026826805117,3893,40
202608040,clean,family_08157e0ead630e5c,0.7324153293171682,1189,85
202608040,clean,family_67cf34a836b9cd6c,1.2767898107983187,12275,64
202608040,clean,family_a03ac5414952d229,0.8771276479981924,3188,43
202608040,clean,family_4da27be0a15493fc,1.184127386966361,5109,60
202608041,clean,family_d1a92696717aa9c2,0.6676984779702935,3093,19
202608041,clean,family_3835425eafb00035,0.999876666421953,1216,74
202608041,clean,family_a534382ff42b71fb,0.5785481235356007,412,88
202608041,clean,family_6d17de7e325f25f8,0.472768231981392,4197,63
202608041,clean,family_56b1bf9100abf79a,0.5248095872925549,779,25
202608041,clean,family_9edbfcdbf27d8472,1.377359625079946,15674,9
202608041,clean,family_db6398f302f77cb4,0.39997236752487386,3153,77
202608041,clean,family_776fb0c74fb6af96,0.7669993277263445,10203,24
202608041,clean,family_be459453ebdfa1da,0.8161007700577481,1748,87
202608041,clean,family_439fc19617b55d44,0.6347494036328313,3230,37
202608041,clean,family_328dc279bafe7f69,0.5857207797234878,2560,28
202608041,clean,family_ac0566dd944bc201,0.9283384305221484,3803,41
202608041,clean,family_3fbe0e330aecdc00,0.8196995258331299,477,67
202608041,clean,family_04795413b15e0b98,0.8191506556150588,704,79
202608041,clean,family_348b29b5f47eda18,1.1025967374712982,1108,21
202608041,clean,family_f77d449f1658a159,1.1822645368205764,8731,35
202608041,clean,family_39849966d6043c11,1.1339232921600342,242,48
202608041,clean,family_af212e596b07120e,1.0027584086723906,3169,52
202608041,clean,family_2d3e3d92f30c4369,0.5464626001784604,9069,82
202608041,clean,family_f0c0dd7c2f3b6a3f,0.5851597577653905,1674,90
202608041,clean,family_5aaa5f6f546aa704,1.0635050213609725,2491,11
202608041,clean,family_78031f033e192cce,0.8011421768444655,5759,3
202608041,clean,family_961cefc620e3d5ab,0.7823852300643921,467,53
202608041,clean,family_fe2836cc1cef695c,0.8187094182182073,3303,42
202608041,clean,family_0f71c7e0830e1d85,1.1436941845016697,9124,86
202608041,clean,family_2dbafe5054d4bee7,0.38087051608453043,6286,54
202608041,clean,family_52885ec61f0240b9,0.8583146356920662,14987,96
202608041,clean,family_b88eee6ecd7ef6bc,0.87799345602046,5460,46
202608041,clean,family_de67cf52f9a2ce89,1.166651335491645,20432,29
202608041,clean,family_7b8c8789f38183da,1.017719391707235,854,38
202608041,clean,family_774f10d6c3d75980,0.8456987155556847,10665,17
202608041,clean,family_6fbe37a0a6611f64,0.6834945407962838,29458,73
202608041,clean,family_c64269798048b60f,0.7430092465800292,12501,93
202608041,clean,family_f60bd4cc83d02add,0.8422501458342205,8558,84
202608041,clean,family_39f58e2fd604c61e,1.637812852859497,61,51
202608041,clean,family_101bf32d18499c7d,0.6332763127664083,1918,95
202608041,clean,family_e97b637c75aac2b5,1.1038198471069336,156,89
202608041,clean,family_e2c30beb0d4abeae,1.1432754508070233,12995,66
202608041,clean,family_581cf690b70ed77f,0.9918336600577028,3028,30
202608041,clean,family_9ccd2f467361ebab,1.04184077001271,1789,44
202608041,clean,family_6342008bae187399,0.5279898384889198,8256,83
202608041,clean,family_8661140073b6a2ab,0.990018367767334,266,97
202608041,clean,family_1a8ff9e18d3eabea,0.6242065232266825,1890,16
202608041,clean,family_b324bd83d2be3825,0.7780724828894766,8479,58
202608041,clean,family_23e85181dd747797,0.6543186449182444,725,99
202608041,clean,family_b3ba3218de08f591,1.3790781962846665,9580,8
202608041,clean,family_38ddaabf01adae92,0.5651738589329588,6949,12
202608041,clean,family_5405158fe7a3977d,0.6712445281170033,945,71
202608041,clean,family_e4e4467ef74cc720,0.5615365505218506,336,57
202608041,clean,family_4f1b63b3eef9f7d0,1.0464036272714774,1037,75
202608041,clean,family_7a300c986fbfa9f2,0.917920777966693,522,18
202608041,clean,family_6f0024d47bda9a44,1.0816512142607768,463,45
202608041,clean,family_746d1e0c3274827f,0.44606781816602653,1191,62
202608041,clean,family_6a42731481dda124,0.8851099572938307,1084,56
202608041,clean,family_0ecded087f80d73b,1.4721803495350358,15697,61
202608041,clean,family_5facacfb4d33d062,0.7000205348867821,5721,1
202608041,clean,family_5cc4efa05e4dc250,0.6619793176651001,251,13
202608041,clean,family_4731a6d05dff34ce,1.1019516226809316,17077,15
202608041,clean,family_c3ae851031cec2bb,0.9608528662811626,5610,91
202608041,clean,family_30fbd9977a220042,0.8067573536622591,48674,81
202608041,clean,family_e3c89d0945320ec5,0.8155287504196167,508,0
202608041,clean,family_f99e7467cfd91d72,1.2517174409588738,639,23
202608041,clean,family_0a0ff01b239a934a,1.1530611928332988,3294,55
202608041,clean,family_5ebcadebe538bd59,0.5297028422355652,166,31
202608041,clean,family_2fe71bb032cb85fe,0.573095436950562,533,20
202608041,clean,family_e0f7e5849dbe9388,0.8380865078209175,6626,72
202608041,clean,family_c3abd4306e03adf2,0.8369433323964457,3859,34
202608041,clean,family_83b27a32aa56f9dc,0.48399135172175933,1559,68
202608041,clean,family_fa3341292470541d,1.0766745877454031,2535,22
202608041,clean,family_15b8f6d235825863,0.45198994700926065,548,2
202608041,clean,family_a95aeca85317a04d,0.814671111111531,10236,50
202608041,clean,family_3dffb074803c8f80,0.555768919449398,7309,47
202608041,clean,family_1cfa4116628ae42e,0.8007037622189661,1026,94
202608041,clean,family_f53ae103dc0def58,0.965070552798966,1238,26
202608041,clean,family_3db848c291e71542,0.6511757987918276,1287,14
202608041,clean,family_76f3986b08ecfc19,0.9779460707457412,3583,10
202608041,clean,family_121eefce620403f7,0.7712832753788564,13214,36
202608041,clean,family_8aff46e64d1c8360,1.053870300103366,20977,33
202608041,clean,family_debbecc1e7f77f3e,0.7937576169680701,4952,4
202608041,clean,family_f19aa9a5e722eb61,0.48381520305174397,1779,49
202608041,clean,family_d0b38ee50d018148,0.8517166860504255,1815,92
202608041,clean,family_aad2d66dec95dc7a,0.5967744821862364,1036,78
202608041,clean,family_59add5a121b9a616,0.7222623852908914,985,59
202608041,clean,family_c2d4ffa1539bdafe,1.136137960645502,12091,27
202608041,clean,family_58a5b18cf3751bf1,0.764247348005646,1157,6
202608041,clean,family_8f08581ca21b6c6f,0.6197346821660906,638,76
202608041,clean,family_5d6a15b20dff7233,0.7724257227711419,5203,5
202608041,clean,family_eacebc389812585f,0.4941627901138329,1312,98
202608041,clean,family_3bd7e5ca43f02666,0.5043843758250602,578,65
202608041,clean,family_da2cbb03fa208ffc,0.5126088343817612,377,7
202608041,clean,family_5fe0b889b5279fed,0.6941506421778201,15281,32
202608041,clean,family_58c32a6b58cc329f,0.5645930644933601,654,69
202608041,clean,family_d4c8efafc098f593,1.0860854018486386,4931,80
202608041,clean,family_853b6705e7d7e7a9,0.7367263743910665,6166,70
202608041,clean,family_7c104874587dddcc,1.1669115976589481,1558,39
202608041,clean,family_2eec85a0fe915e64,1.1762272917210765,3893,40
202608041,clean,family_08157e0ead630e5c,0.7763058700112359,1189,85
202608041,clean,family_67cf34a836b9cd6c,1.3444600719638367,12275,64
202608041,clean,family_a03ac5414952d229,0.9034192940708684,3188,43
202608041,clean,family_4da27be0a15493fc,1.216798927574434,5109,60
202608042,clean,family_d1a92696717aa9c2,0.6022706429163615,3093,19
202608042,clean,family_3835425eafb00035,0.8080443421280697,1216,74
202608042,clean,family_a534382ff42b71fb,0.584562038767685,412,88
202608042,clean,family_6d17de7e325f25f8,0.4571732113922043,4197,63
202608042,clean,family_56b1bf9100abf79a,0.49913542242350106,779,25
202608042,clean,family_9edbfcdbf27d8472,1.337383195546812,15674,9
202608042,clean,family_db6398f302f77cb4,0.33042990994990307,3153,77
202608042,clean,family_776fb0c74fb6af96,0.6659159804692073,10203,24
202608042,clean,family_be459453ebdfa1da,0.7753624211255146,1748,87
202608042,clean,family_439fc19617b55d44,0.617639829859645,3230,37
202608042,clean,family_328dc279bafe7f69,0.5589198791887611,2560,28
202608042,clean,family_ac0566dd944bc201,0.8852948967701443,3803,41
202608042,clean,family_3fbe0e330aecdc00,0.7843903303146362,477,67
202608042,clean,family_04795413b15e0b98,0.8168276995420456,704,79
202608042,clean,family_348b29b5f47eda18,1.0488916574187228,1108,21
202608042,clean,family_f77d449f1658a159,1.1086281653382282,8731,35
202608042,clean,family_39849966d6043c11,1.0493286848068237,242,48
202608042,clean,family_af212e596b07120e,0.9605364257810093,3169,52
202608042,clean,family_2d3e3d92f30c4369,0.5088103088480541,9069,82
202608042,clean,family_f0c0dd7c2f3b6a3f,0.5304031171251796,1674,90
202608042,clean,family_5aaa5f6f546aa704,0.9263105600151084,2491,11
202608042,clean,family_78031f033e192cce,0.7699306687043553,5759,3
202608042,clean,family_961cefc620e3d5ab,0.7112948894500732,467,53
202608042,clean,family_fe2836cc1cef695c,0.8057869716445641,3303,42
202608042,clean,family_0f71c7e0830e1d85,1.0732771130029646,9124,86
202608042,clean,family_2dbafe5054d4bee7,0.32239046125876325,6286,54
202608042,clean,family_52885ec61f0240b9,0.748633070872434,14987,96
202608042,clean,family_b88eee6ecd7ef6bc,0.8326458306757958,5460,46
202608042,clean,family_de67cf52f9a2ce89,1.1066458596203974,20432,29
202608042,clean,family_7b8c8789f38183da,0.9974645876633199,854,38
202608042,clean,family_774f10d6c3d75980,0.7380078719763816,10665,17
202608042,clean,family_6fbe37a0a6611f64,0.6709807242028897,29458,73
202608042,clean,family_c64269798048b60f,0.7021318201818101,12501,93
202608042,clean,family_f60bd4cc83d02add,0.6970361095356256,8558,84
202608042,clean,family_39f58e2fd604c61e,0.8039557933807373,61,51
202608042,clean,family_101bf32d18499c7d,0.5705377198794587,1918,95
202608042,clean,family_e97b637c75aac2b5,1.0648674964904785,156,89
202608042,clean,family_e2c30beb0d4abeae,1.1076204300201962,12995,66
202608042,clean,family_581cf690b70ed77f,0.9419946296723705,3028,30
202608042,clean,family_9ccd2f467361ebab,1.0316510851187304,1789,44
202608042,clean,family_6342008bae187399,0.47581381079661406,8256,83
202608042,clean,family_8661140073b6a2ab,0.872606635093689,266,97
202608042,clean,family_1a8ff9e18d3eabea,0.6315867984736407,1890,16
202608042,clean,family_b324bd83d2be3825,0.7650067623261363,8479,58
202608042,clean,family_23e85181dd747797,0.6062080044581972,725,99
202608042,clean,family_b3ba3218de08f591,1.3387608050304565,9580,8
202608042,clean,family_38ddaabf01adae92,0.5230476481268811,6949,12
202608042,clean,family_5405158fe7a3977d,0.6527741565275444,945,71
202608042,clean,family_e4e4467ef74cc720,0.5411992073059082,336,57
202608042,clean,family_4f1b63b3eef9f7d0,1.0373205079866812,1037,75
202608042,clean,family_7a300c986fbfa9f2,0.7832283030524565,522,18
202608042,clean,family_6f0024d47bda9a44,1.0644767097726497,463,45
202608042,clean,family_746d1e0c3274827f,0.392187671186942,1191,62
202608042,clean,family_6a42731481dda124,0.8264078306535954,1084,56
202608042,clean,family_0ecded087f80d73b,1.4549953007216574,15697,61
202608042,clean,family_5facacfb4d33d062,0.6363150908738203,5721,1
202608042,clean,family_5cc4efa05e4dc250,0.6255133152008057,251,13
202608042,clean,family_4731a6d05dff34ce,1.08236792301932,17077,15
202608042,clean,family_c3ae851031cec2bb,0.9202099844839908,5610,91
202608042,clean,family_30fbd9977a220042,0.7279539094738763,48674,81
202608042,clean,family_e3c89d0945320ec5,0.7776059991731419,508,0
202608042,clean,family_f99e7467cfd91d72,1.136621847772076,639,23
202608042,clean,family_0a0ff01b239a934a,1.0343466494108013,3294,55
202608042,clean,family_5ebcadebe538bd59,0.4818633794784546,166,31
202608042,clean,family_2fe71bb032cb85fe,0.549371120182703,533,20
202608042,clean,family_e0f7e5849dbe9388,0.8347679283587982,6626,72
202608042,clean,family_c3abd4306e03adf2,0.8213711100466111,3859,34
202608042,clean,family_83b27a32aa56f9dc,0.4708186058546198,1559,68
202608042,clean,family_fa3341292470541d,0.9213927572530637,2535,22
202608042,clean,family_15b8f6d235825863,0.4228067699357541,548,2
202608042,clean,family_a95aeca85317a04d,0.8181044052370641,10236,50
202608042,clean,family_3dffb074803c8f80,0.3914237840995366,7309,47
202608042,clean,family_1cfa4116628ae42e,0.613855372453526,1026,94
202608042,clean,family_f53ae103dc0def58,0.9289608363284818,1238,26
202608042,clean,family_3db848c291e71542,0.5276252148497818,1287,14
202608042,clean,family_76f3986b08ecfc19,0.9465514612936488,3583,10
202608042,clean,family_121eefce620403f7,0.7112778068644314,13214,36
202608042,clean,family_8aff46e64d1c8360,1.0350579372430693,20977,33
202608042,clean,family_debbecc1e7f77f3e,0.7423691165201691,4952,4
202608042,clean,family_f19aa9a5e722eb61,0.40853960867374384,1779,49
202608042,clean,family_d0b38ee50d018148,0.8381101434881036,1815,92
202608042,clean,family_aad2d66dec95dc7a,0.5720167221594962,1036,78
202608042,clean,family_59add5a121b9a616,0.6794571129198607,985,59
202608042,clean,family_c2d4ffa1539bdafe,1.0969788547869939,12091,27
202608042,clean,family_58a5b18cf3751bf1,0.6838462049320224,1157,6
202608042,clean,family_8f08581ca21b6c6f,0.6421497351136701,638,76
202608042,clean,family_5d6a15b20dff7233,0.6215962933366765,5203,5
202608042,clean,family_eacebc389812585f,0.402408614470737,1312,98
202608042,clean,family_3bd7e5ca43f02666,0.3893865044244845,578,65
202608042,clean,family_da2cbb03fa208ffc,0.48578809972467096,377,7
202608042,clean,family_5fe0b889b5279fed,0.6084405720276823,15281,32
202608042,clean,family_58c32a6b58cc329f,0.5409182417647919,654,69
202608042,clean,family_d4c8efafc098f593,1.0363681148839659,4931,80
202608042,clean,family_853b6705e7d7e7a9,0.6870634071661829,6166,70
202608042,clean,family_7c104874587dddcc,1.1100573493825303,1558,39
202608042,clean,family_2eec85a0fe915e64,1.0906979794861142,3893,40
202608042,clean,family_08157e0ead630e5c,0.7545758313847951,1189,85
202608042,clean,family_67cf34a836b9cd6c,1.299646144457116,12275,64
202608042,clean,family_a03ac5414952d229,0.8687709025487098,3188,43
202608042,clean,family_4da27be0a15493fc,1.1869520781954386,5109,60
202608040,unrelated_donor,family_d1a92696717aa9c2,0.5797812249180263,3093,19
202608040,unrelated_donor,family_3835425eafb00035,0.8430615805187508,1216,74
202608040,unrelated_donor,family_a534382ff42b71fb,0.49665160990745116,412,88
202608040,unrelated_donor,family_6d17de7e325f25f8,0.4657887782131969,4197,63
202608040,unrelated_donor,family_56b1bf9100abf79a,0.46526541808603356,779,25
202608040,unrelated_donor,family_9edbfcdbf27d8472,1.3379841091165254,15674,9
202608040,unrelated_donor,family_db6398f302f77cb4,0.33771504355429693,3153,77
202608040,unrelated_donor,family_776fb0c74fb6af96,0.6021119955181199,10203,24
202608040,unrelated_donor,family_be459453ebdfa1da,0.7443694165765011,1748,87
202608040,unrelated_donor,family_439fc19617b55d44,0.6078292639447439,3230,37
202608040,unrelated_donor,family_328dc279bafe7f69,0.5723902261699549,2560,28
202608040,unrelated_donor,family_ac0566dd944bc201,0.8695993526433914,3803,41
202608040,unrelated_donor,family_3fbe0e330aecdc00,0.7927517294883728,477,67
202608040,unrelated_donor,family_04795413b15e0b98,0.8437756765633821,704,79
202608040,unrelated_donor,family_348b29b5f47eda18,1.058051418634098,1108,21
202608040,unrelated_donor,family_f77d449f1658a159,1.103333772341556,8731,35
202608040,unrelated_donor,family_39849966d6043c11,1.1022504568099976,242,48
202608040,unrelated_donor,family_af212e596b07120e,0.9239595876615783,3169,52
202608040,unrelated_donor,family_2d3e3d92f30c4369,0.467259786760995,9069,82
202608040,unrelated_donor,family_f0c0dd7c2f3b6a3f,0.53642936237824,1674,90
202608040,unrelated_donor,family_5aaa5f6f546aa704,0.9445262998282694,2491,11
202608040,unrelated_donor,family_78031f033e192cce,0.7061866619537679,5759,3
202608040,unrelated_donor,family_961cefc620e3d5ab,0.7514421939849854,467,53
202608040,unrelated_donor,family_fe2836cc1cef695c,0.7533016743585625,3303,42
202608040,unrelated_donor,family_0f71c7e0830e1d85,1.0563708125600972,9124,86
202608040,unrelated_donor,family_2dbafe5054d4bee7,0.30282322401397177,6286,54
202608040,unrelated_donor,family_52885ec61f0240b9,0.6964093889938454,14987,96
202608040,unrelated_donor,family_b88eee6ecd7ef6bc,0.7984159343190246,5460,46
202608040,unrelated_donor,family_de67cf52f9a2ce89,1.0934278463263623,20432,29
202608040,unrelated_donor,family_7b8c8789f38183da,1.0165652166484949,854,38
202608040,unrelated_donor,family_774f10d6c3d75980,0.7484929543912439,10665,17
202608040,unrelated_donor,family_6fbe37a0a6611f64,0.6469078805997954,29458,73
202608040,unrelated_donor,family_c64269798048b60f,0.6894981260252384,12501,93
202608040,unrelated_donor,family_f60bd4cc83d02add,0.69264817156366,8558,84
202608040,unrelated_donor,family_39f58e2fd604c61e,0.8239197731018066,61,51
202608040,unrelated_donor,family_101bf32d18499c7d,0.5897210516789161,1918,95
202608040,unrelated_donor,family_e97b637c75aac2b5,1.0548862218856812,156,89
202608040,unrelated_donor,family_e2c30beb0d4abeae,1.1114694145607371,12995,66
202608040,unrelated_donor,family_581cf690b70ed77f,0.9532684647777121,3028,30
202608040,unrelated_donor,family_9ccd2f467361ebab,1.0419220434613172,1789,44
202608040,unrelated_donor,family_6342008bae187399,0.4570287185389,8256,83
202608040,unrelated_donor,family_8661140073b6a2ab,0.7801740765571594,266,97
202608040,unrelated_donor,family_1a8ff9e18d3eabea,0.6115741755911913,1890,16
202608040,unrelated_donor,family_b324bd83d2be3825,0.7489666235181208,8479,58
202608040,unrelated_donor,family_23e85181dd747797,0.6820273144491787,725,99
202608040,unrelated_donor,family_b3ba3218de08f591,1.3461713663595951,9580,8
202608040,unrelated_donor,family_38ddaabf01adae92,0.502729821675183,6949,12
202608040,unrelated_donor,family_5405158fe7a3977d,0.6166166388168537,945,71
202608040,unrelated_donor,family_e4e4467ef74cc720,0.35378098487854004,336,57
202608040,unrelated_donor,family_4f1b63b3eef9f7d0,1.035167141613643,1037,75
202608040,unrelated_donor,family_7a300c986fbfa9f2,0.8821190639017186,522,18
202608040,unrelated_donor,family_6f0024d47bda9a44,1.0347022273885509,463,45
202608040,unrelated_donor,family_746d1e0c3274827f,0.42239309318119694,1191,62
202608040,unrelated_donor,family_6a42731481dda124,0.9313723233793054,1084,56
202608040,unrelated_donor,family_0ecded087f80d73b,1.4343230683021184,15697,61
202608040,unrelated_donor,family_5facacfb4d33d062,0.5627374067274846,5721,1
202608040,unrelated_donor,family_5cc4efa05e4dc250,0.5454890727996826,251,13
202608040,unrelated_donor,family_4731a6d05dff34ce,1.047753301654996,17077,15
202608040,unrelated_donor,family_c3ae851031cec2bb,0.9167831919835,5610,91
202608040,unrelated_donor,family_30fbd9977a220042,0.7040753262985036,48674,81
202608040,unrelated_donor,family_e3c89d0945320ec5,0.7884889446844267,508,0
202608040,unrelated_donor,family_f99e7467cfd91d72,1.151467010448796,639,23
202608040,unrelated_donor,family_0a0ff01b239a934a,1.0568808700796612,3294,55
202608040,unrelated_donor,family_5ebcadebe538bd59,0.5113940834999084,166,31
202608040,unrelated_donor,family_2fe71bb032cb85fe,0.5258281120216198,533,20
202608040,unrelated_donor,family_e0f7e5849dbe9388,0.831871516199728,6626,72
202608040,unrelated_donor,family_c3abd4306e03adf2,0.8247879618157621,3859,34
202608040,unrelated_donor,family_83b27a32aa56f9dc,0.4332573314157337,1559,68
202608040,unrelated_donor,family_fa3341292470541d,0.9191084863636385,2535,22
202608040,unrelated_donor,family_15b8f6d235825863,0.4063076854404742,548,2
202608040,unrelated_donor,family_a95aeca85317a04d,0.7867466358933052,10236,50
202608040,unrelated_donor,family_3dffb074803c8f80,0.3914271272440618,7309,47
202608040,unrelated_donor,family_1cfa4116628ae42e,0.5688774303095615,1026,94
202608040,unrelated_donor,family_f53ae103dc0def58,0.9358992403755281,1238,26
202608040,unrelated_donor,family_3db848c291e71542,0.3897614526535618,1287,14
202608040,unrelated_donor,family_76f3986b08ecfc19,0.9528063612213156,3583,10
202608040,unrelated_donor,family_121eefce620403f7,0.7273850774636911,13214,36
202608040,unrelated_donor,family_8aff46e64d1c8360,0.9945154266412659,20977,33
202608040,unrelated_donor,family_debbecc1e7f77f3e,0.7067717373467416,4952,4
202608040,unrelated_donor,family_f19aa9a5e722eb61,0.4030918216876196,1779,49
202608040,unrelated_donor,family_d0b38ee50d018148,0.8502165520158352,1815,92
202608040,unrelated_donor,family_aad2d66dec95dc7a,0.5046394154371903,1036,78
202608040,unrelated_donor,family_59add5a121b9a616,0.6544477750807244,985,59
202608040,unrelated_donor,family_c2d4ffa1539bdafe,1.06559803428489,12091,27
202608040,unrelated_donor,family_58a5b18cf3751bf1,0.6776418188263242,1157,6
202608040,unrelated_donor,family_8f08581ca21b6c6f,0.5658337572431863,638,76
202608040,unrelated_donor,family_5d6a15b20dff7233,0.6438263342022186,5203,5
202608040,unrelated_donor,family_eacebc389812585f,0.3922642719727464,1312,98
202608040,unrelated_donor,family_3bd7e5ca43f02666,0.3916250368818692,578,65
202608040,unrelated_donor,family_da2cbb03fa208ffc,0.4678297618339802,377,7
202608040,unrelated_donor,family_5fe0b889b5279fed,0.5886077214388095,15281,32
202608040,unrelated_donor,family_58c32a6b58cc329f,0.551915069967964,654,69
202608040,unrelated_donor,family_d4c8efafc098f593,1.0627392787668386,4931,80
202608040,unrelated_donor,family_853b6705e7d7e7a9,0.6643551635183454,6166,70
202608040,unrelated_donor,family_7c104874587dddcc,1.0697760267496415,1558,39
202608040,unrelated_donor,family_2eec85a0fe915e64,1.108681119532503,3893,40
202608040,unrelated_donor,family_08157e0ead630e5c,0.6855986394533297,1189,85
202608040,unrelated_donor,family_67cf34a836b9cd6c,1.2671813574050934,12275,64
202608040,unrelated_donor,family_a03ac5414952d229,0.854649125912707,3188,43
202608040,unrelated_donor,family_4da27be0a15493fc,1.1581974940235589,5109,60
202608041,unrelated_donor,family_d1a92696717aa9c2,0.6514082318596419,3093,19
202608041,unrelated_donor,family_3835425eafb00035,0.9598604162762824,1216,74
202608041,unrelated_donor,family_a534382ff42b71fb,0.6121295204440367,412,88
202608041,unrelated_donor,family_6d17de7e325f25f8,0.4737133996839435,4197,63
202608041,unrelated_donor,family_56b1bf9100abf79a,0.5241109320609346,779,25
202608041,unrelated_donor,family_9edbfcdbf27d8472,1.3646855706369694,15674,9
202608041,unrelated_donor,family_db6398f302f77cb4,0.42022216637626814,3153,77
202608041,unrelated_donor,family_776fb0c74fb6af96,0.7515845873782789,10203,24
202608041,unrelated_donor,family_be459453ebdfa1da,0.7888092839881539,1748,87
202608041,unrelated_donor,family_439fc19617b55d44,0.6221023208677954,3230,37
202608041,unrelated_donor,family_328dc279bafe7f69,0.5814549787901342,2560,28
202608041,unrelated_donor,family_ac0566dd944bc201,0.9291993017388493,3803,41
202608041,unrelated_donor,family_3fbe0e330aecdc00,0.8079165816307068,477,67
202608041,unrelated_donor,family_04795413b15e0b98,0.8296191587366841,704,79
202608041,unrelated_donor,family_348b29b5f47eda18,1.0922187774405152,1108,21
202608041,unrelated_donor,family_f77d449f1658a159,1.1706424063798448,8731,35
202608041,unrelated_donor,family_39849966d6043c11,1.1257593631744385,242,48
202608041,unrelated_donor,family_af212e596b07120e,0.9916704033368317,3169,52
202608041,unrelated_donor,family_2d3e3d92f30c4369,0.5283554073651947,9069,82
202608041,unrelated_donor,family_f0c0dd7c2f3b6a3f,0.5464599764902532,1674,90
202608041,unrelated_donor,family_5aaa5f6f546aa704,1.032741867624962,2491,11
202608041,unrelated_donor,family_78031f033e192cce,0.8190427957195482,5759,3
202608041,unrelated_donor,family_961cefc620e3d5ab,0.810283899307251,467,53
202608041,unrelated_donor,family_fe2836cc1cef695c,0.8151116956554324,3303,42
202608041,unrelated_donor,family_0f71c7e0830e1d85,1.1436128039231481,9124,86
202608041,unrelated_donor,family_2dbafe5054d4bee7,0.38376269917644745,6286,54
202608041,unrelated_donor,family_52885ec61f0240b9,0.8113604423727276,14987,96
202608041,unrelated_donor,family_b88eee6ecd7ef6bc,0.8607998721110515,5460,46
202608041,unrelated_donor,family_de67cf52f9a2ce89,1.1743895479929383,20432,29
202608041,unrelated_donor,family_7b8c8789f38183da,1.015804988438966,854,38
202608041,unrelated_donor,family_774f10d6c3d75980,0.823691401936278,10665,17
202608041,unrelated_donor,family_6fbe37a0a6611f64,0.6841488450763586,29458,73
202608041,unrelated_donor,family_c64269798048b60f,0.7299696982274027,12501,93
202608041,unrelated_donor,family_f60bd4cc83d02add,0.7924867937792738,8558,84
202608041,unrelated_donor,family_39f58e2fd604c61e,1.1400861740112305,61,51
202608041,unrelated_donor,family_101bf32d18499c7d,0.6052727583675365,1918,95
202608041,unrelated_donor,family_e97b637c75aac2b5,1.0639019012451172,156,89
202608041,unrelated_donor,family_e2c30beb0d4abeae,1.1378393690968625,12995,66
202608041,unrelated_donor,family_581cf690b70ed77f,0.978958400820174,3028,30
202608041,unrelated_donor,family_9ccd2f467361ebab,1.0419490976397587,1789,44
202608041,unrelated_donor,family_6342008bae187399,0.4928590979340465,8256,83
202608041,unrelated_donor,family_8661140073b6a2ab,1.0411369800567627,266,97
202608041,unrelated_donor,family_1a8ff9e18d3eabea,0.6231948471889294,1890,16
202608041,unrelated_donor,family_b324bd83d2be3825,0.7632533318170582,8479,58
202608041,unrelated_donor,family_23e85181dd747797,0.7010474000305965,725,99
202608041,unrelated_donor,family_b3ba3218de08f591,1.3683633377631672,9580,8
202608041,unrelated_donor,family_38ddaabf01adae92,0.5481095699002921,6949,12
202608041,unrelated_donor,family_5405158fe7a3977d,0.6665238300328532,945,71
202608041,unrelated_donor,family_e4e4467ef74cc720,0.5582629442214966,336,57
202608041,unrelated_donor,family_4f1b63b3eef9f7d0,1.0404552242565064,1037,75
202608041,unrelated_donor,family_7a300c986fbfa9f2,0.9431890450218171,522,18
202608041,unrelated_donor,family_6f0024d47bda9a44,1.0390507917424772,463,45
202608041,unrelated_donor,family_746d1e0c3274827f,0.46666308088927183,1191,62
202608041,unrelated_donor,family_6a42731481dda124,0.8983620427191478,1084,56
202608041,unrelated_donor,family_0ecded087f80d73b,1.4694564890282817,15697,61
202608041,unrelated_donor,family_5facacfb4d33d062,0.7293435516650809,5721,1
202608041,unrelated_donor,family_5cc4efa05e4dc250,0.6163180470466614,251,13
202608041,unrelated_donor,family_4731a6d05dff34ce,1.0933184094058201,17077,15
202608041,unrelated_donor,family_c3ae851031cec2bb,0.9582838415887054,5610,91
202608041,unrelated_donor,family_30fbd9977a220042,0.7778501763922101,48674,81
202608041,unrelated_donor,family_e3c89d0945320ec5,0.8171537541967677,508,0
202608041,unrelated_donor,family_f99e7467cfd91d72,1.2026080290476482,639,23
202608041,unrelated_donor,family_0a0ff01b239a934a,1.0453846244719365,3294,55
202608041,unrelated_donor,family_5ebcadebe538bd59,0.5430604219436646,166,31
202608041,unrelated_donor,family_2fe71bb032cb85fe,0.5351503305766193,533,20
202608041,unrelated_donor,family_e0f7e5849dbe9388,0.8466928232716463,6626,72
202608041,unrelated_donor,family_c3abd4306e03adf2,0.8548217272165373,3859,34
202608041,unrelated_donor,family_83b27a32aa56f9dc,0.47595298047475587,1559,68
202608041,unrelated_donor,family_fa3341292470541d,1.077265354397264,2535,22
202608041,unrelated_donor,family_15b8f6d235825863,0.45781393621089683,548,2
202608041,unrelated_donor,family_a95aeca85317a04d,0.811403039459979,10236,50
202608041,unrelated_donor,family_3dffb074803c8f80,0.519097968868688,7309,47
202608041,unrelated_donor,family_1cfa4116628ae42e,0.7793394529331498,1026,94
202608041,unrelated_donor,family_f53ae103dc0def58,0.9829306758470797,1238,26
202608041,unrelated_donor,family_3db848c291e71542,0.5811342256145137,1287,14
202608041,unrelated_donor,family_76f3986b08ecfc19,1.0176830577377896,3583,10
202608041,unrelated_donor,family_121eefce620403f7,0.7618697077978644,13214,36
202608041,unrelated_donor,family_8aff46e64d1c8360,1.0473265937969616,20977,33
202608041,unrelated_donor,family_debbecc1e7f77f3e,0.7819528816228729,4952,4
202608041,unrelated_donor,family_f19aa9a5e722eb61,0.446527292691234,1779,49
202608041,unrelated_donor,family_d0b38ee50d018148,0.8752240635475179,1815,92
202608041,unrelated_donor,family_aad2d66dec95dc7a,0.5872124167137625,1036,78
202608041,unrelated_donor,family_59add5a121b9a616,0.7079027948040647,985,59
202608041,unrelated_donor,family_c2d4ffa1539bdafe,1.1256190411368765,12091,27
202608041,unrelated_donor,family_58a5b18cf3751bf1,0.748477167473235,1157,6
202608041,unrelated_donor,family_8f08581ca21b6c6f,0.6507520571024067,638,76
202608041,unrelated_donor,family_5d6a15b20dff7233,0.7634647741653176,5203,5
202608041,unrelated_donor,family_eacebc389812585f,0.4938162698115154,1312,98
202608041,unrelated_donor,family_3bd7e5ca43f02666,0.5554166344416596,578,65
202608041,unrelated_donor,family_da2cbb03fa208ffc,0.5111980119655872,377,7
202608041,unrelated_donor,family_5fe0b889b5279fed,0.6912731842999839,15281,32
202608041,unrelated_donor,family_58c32a6b58cc329f,0.5484456006175517,654,69
202608041,unrelated_donor,family_d4c8efafc098f593,1.0809237110738072,4931,80
202608041,unrelated_donor,family_853b6705e7d7e7a9,0.7591068452339531,6166,70
202608041,unrelated_donor,family_7c104874587dddcc,1.0822819668766164,1558,39
202608041,unrelated_donor,family_2eec85a0fe915e64,1.168270753123844,3893,40
202608041,unrelated_donor,family_08157e0ead630e5c,0.771943838131137,1189,85
202608041,unrelated_donor,family_67cf34a836b9cd6c,1.3364232046589588,12275,64
202608041,unrelated_donor,family_a03ac5414952d229,0.8935755720289618,3188,43
202608041,unrelated_donor,family_4da27be0a15493fc,1.2384513136831414,5109,60
202608042,unrelated_donor,family_d1a92696717aa9c2,0.6279818402152211,3093,19
202608042,unrelated_donor,family_3835425eafb00035,0.8394211727733675,1216,74
202608042,unrelated_donor,family_a534382ff42b71fb,0.5884081267037438,412,88
202608042,unrelated_donor,family_6d17de7e325f25f8,0.443331672970897,4197,63
202608042,unrelated_donor,family_56b1bf9100abf79a,0.48104431930647273,779,25
202608042,unrelated_donor,family_9edbfcdbf27d8472,1.3308915045320098,15674,9
202608042,unrelated_donor,family_db6398f302f77cb4,0.36867015879947423,3153,77
202608042,unrelated_donor,family_776fb0c74fb6af96,0.7030506486765581,10203,24
202608042,unrelated_donor,family_be459453ebdfa1da,0.7794034709510324,1748,87
202608042,unrelated_donor,family_439fc19617b55d44,0.6317233169318722,3230,37
202608042,unrelated_donor,family_328dc279bafe7f69,0.542601021938026,2560,28
202608042,unrelated_donor,family_ac0566dd944bc201,0.8761209155928296,3803,41
202608042,unrelated_donor,family_3fbe0e330aecdc00,0.799506664276123,477,67
202608042,unrelated_donor,family_04795413b15e0b98,0.8278983475809748,704,79
202608042,unrelated_donor,family_348b29b5f47eda18,1.062584866524173,1108,21
202608042,unrelated_donor,family_f77d449f1658a159,1.1086133980502542,8731,35
202608042,unrelated_donor,family_39849966d6043c11,1.0787577629089355,242,48
202608042,unrelated_donor,family_af212e596b07120e,0.957579997124526,3169,52
202608042,unrelated_donor,family_2d3e3d92f30c4369,0.48903492911015234,9069,82
202608042,unrelated_donor,family_f0c0dd7c2f3b6a3f,0.5426481156081424,1674,90
202608042,unrelated_donor,family_5aaa5f6f546aa704,0.9173084865703682,2491,11
202608042,unrelated_donor,family_78031f033e192cce,0.8040013841238053,5759,3
202608042,unrelated_donor,family_961cefc620e3d5ab,0.7190957069396973,467,53
202608042,unrelated_donor,family_fe2836cc1cef695c,0.7995497994068497,3303,42
202608042,unrelated_donor,family_0f71c7e0830e1d85,1.1298356001697731,9124,86
202608042,unrelated_donor,family_2dbafe5054d4bee7,0.30888258011237074,6286,54
202608042,unrelated_donor,family_52885ec61f0240b9,0.7695849939992861,14987,96
202608042,unrelated_donor,family_b88eee6ecd7ef6bc,0.8285412499756167,5460,46
202608042,unrelated_donor,family_de67cf52f9a2ce89,1.0988293094596968,20432,29
202608042,unrelated_donor,family_7b8c8789f38183da,1.0086836285138856,854,38
202608042,unrelated_donor,family_774f10d6c3d75980,0.737031412534014,10665,17
202608042,unrelated_donor,family_6fbe37a0a6611f64,0.6720691053928365,29458,73
202608042,unrelated_donor,family_c64269798048b60f,0.6727494662470384,12501,93
202608042,unrelated_donor,family_f60bd4cc83d02add,0.7393995950951368,8558,84
202608042,unrelated_donor,family_39f58e2fd604c61e,0.8108446598052979,61,51
202608042,unrelated_donor,family_101bf32d18499c7d,0.606333516934368,1918,95
202608042,unrelated_donor,family_e97b637c75aac2b5,1.1553183794021606,156,89
202608042,unrelated_donor,family_e2c30beb0d4abeae,1.1173624565207807,12995,66
202608042,unrelated_donor,family_581cf690b70ed77f,0.9459121306592911,3028,30
202608042,unrelated_donor,family_9ccd2f467361ebab,1.0456400259438008,1789,44
202608042,unrelated_donor,family_6342008bae187399,0.4855201847367566,8256,83
202608042,unrelated_donor,family_8661140073b6a2ab,0.8928723931312561,266,97
202608042,unrelated_donor,family_1a8ff9e18d3eabea,0.6238507230130453,1890,16
202608042,unrelated_donor,family_b324bd83d2be3825,0.7708631105363362,8479,58
202608042,unrelated_donor,family_23e85181dd747797,0.5976100709520538,725,99
202608042,unrelated_donor,family_b3ba3218de08f591,1.3539177533853526,9580,8
202608042,unrelated_donor,family_38ddaabf01adae92,0.515427196050723,6949,12
202608042,unrelated_donor,family_5405158fe7a3977d,0.6363565824019215,945,71
202608042,unrelated_donor,family_e4e4467ef74cc720,0.4675509035587311,336,57
202608042,unrelated_donor,family_4f1b63b3eef9f7d0,1.0344461640028737,1037,75
202608042,unrelated_donor,family_7a300c986fbfa9f2,0.7834493722267077,522,18
202608042,unrelated_donor,family_6f0024d47bda9a44,1.1286240172437663,463,45
202608042,unrelated_donor,family_746d1e0c3274827f,0.4092116664428855,1191,62
202608042,unrelated_donor,family_6a42731481dda124,0.8663290991994288,1084,56
202608042,unrelated_donor,family_0ecded087f80d73b,1.4503049529220766,15697,61
202608042,unrelated_donor,family_5facacfb4d33d062,0.6293174875634802,5721,1
202608042,unrelated_donor,family_5cc4efa05e4dc250,0.651006817817688,251,13
202608042,unrelated_donor,family_4731a6d05dff34ce,1.0630366915686735,17077,15
202608042,unrelated_donor,family_c3ae851031cec2bb,0.9079214031046087,5610,91
202608042,unrelated_donor,family_30fbd9977a220042,0.7303091113987478,48674,81
202608042,unrelated_donor,family_e3c89d0945320ec5,0.7984560071014044,508,0
202608042,unrelated_donor,family_f99e7467cfd91d72,1.2196085055669148,639,23
202608042,unrelated_donor,family_0a0ff01b239a934a,1.063042231994321,3294,55
202608042,unrelated_donor,family_5ebcadebe538bd59,0.5283957719802856,166,31
202608042,unrelated_donor,family_2fe71bb032cb85fe,0.5304810379056949,533,20
202608042,unrelated_donor,family_e0f7e5849dbe9388,0.8504556057822333,6626,72
202608042,unrelated_donor,family_c3abd4306e03adf2,0.8441934915489717,3859,34
202608042,unrelated_donor,family_83b27a32aa56f9dc,0.4607696697794527,1559,68
202608042,unrelated_donor,family_fa3341292470541d,0.9306426661254387,2535,22
202608042,unrelated_donor,family_15b8f6d235825863,0.38601692118783937,548,2
202608042,unrelated_donor,family_a95aeca85317a04d,0.7980092253045394,10236,50
202608042,unrelated_donor,family_3dffb074803c8f80,0.41310233859181456,7309,47
202608042,unrelated_donor,family_1cfa4116628ae42e,0.5531575183945092,1026,94
202608042,unrelated_donor,family_f53ae103dc0def58,0.9366433704226775,1238,26
202608042,unrelated_donor,family_3db848c291e71542,0.5313922369674647,1287,14
202608042,unrelated_donor,family_76f3986b08ecfc19,0.983660721625824,3583,10
202608042,unrelated_donor,family_121eefce620403f7,0.7181277398724265,13214,36
202608042,unrelated_donor,family_8aff46e64d1c8360,1.009148500773429,20977,33
202608042,unrelated_donor,family_debbecc1e7f77f3e,0.7286858063594398,4952,4
202608042,unrelated_donor,family_f19aa9a5e722eb61,0.3740360587835312,1779,49
202608042,unrelated_donor,family_d0b38ee50d018148,0.8522059798569062,1815,92
202608042,unrelated_donor,family_aad2d66dec95dc7a,0.5629268079190641,1036,78
202608042,unrelated_donor,family_59add5a121b9a616,0.6720411183870383,985,59
202608042,unrelated_donor,family_c2d4ffa1539bdafe,1.0958924111810415,12091,27
202608042,unrelated_donor,family_58a5b18cf3751bf1,0.6656533293715817,1157,6
202608042,unrelated_donor,family_8f08581ca21b6c6f,0.6406846929306521,638,76
202608042,unrelated_donor,family_5d6a15b20dff7233,0.6217947806300234,5203,5
202608042,unrelated_donor,family_eacebc389812585f,0.41993796809508305,1312,98
202608042,unrelated_donor,family_3bd7e5ca43f02666,0.385682051672655,578,65
202608042,unrelated_donor,family_da2cbb03fa208ffc,0.4974335740352499,377,7
202608042,unrelated_donor,family_5fe0b889b5279fed,0.6016129604435023,15281,32
202608042,unrelated_donor,family_58c32a6b58cc329f,0.5628490229265406,654,69
202608042,unrelated_donor,family_d4c8efafc098f593,1.0707159676239473,4931,80
202608042,unrelated_donor,family_853b6705e7d7e7a9,0.7021509524660763,6166,70
202608042,unrelated_donor,family_7c104874587dddcc,1.0668030587026183,1558,39
202608042,unrelated_donor,family_2eec85a0fe915e64,1.1025383790905665,3893,40
202608042,unrelated_donor,family_08157e0ead630e5c,0.7753578333718322,1189,85
202608042,unrelated_donor,family_67cf34a836b9cd6c,1.3144238214240298,12275,64
202608042,unrelated_donor,family_a03ac5414952d229,0.8839525920870612,3188,43
202608042,unrelated_donor,family_4da27be0a15493fc,1.1805899469183718,5109,60
202608040,same_family_donor,family_d1a92696717aa9c2,0.43150400074793227,3093,19
202608040,same_family_donor,family_3835425eafb00035,0.8505290875113324,1216,74
202608040,same_family_donor,family_a534382ff42b71fb,0.4341467033746173,412,88
202608040,same_family_donor,family_6d17de7e325f25f8,0.37720801728323355,4197,63
202608040,same_family_donor,family_56b1bf9100abf79a,0.37958210132853515,779,25
202608040,same_family_donor,family_9edbfcdbf27d8472,1.1601525716815384,15674,9
202608040,same_family_donor,family_db6398f302f77cb4,0.20542368784315276,3153,77
202608040,same_family_donor,family_776fb0c74fb6af96,0.2008505366004344,10203,24
202608040,same_family_donor,family_be459453ebdfa1da,0.7253434227724097,1748,87
202608040,same_family_donor,family_439fc19617b55d44,0.5014224523730322,3230,37
202608040,same_family_donor,family_328dc279bafe7f69,0.48452280127676206,2560,28
202608040,same_family_donor,family_ac0566dd944bc201,0.7159659613943589,3803,41
202608040,same_family_donor,family_3fbe0e330aecdc00,0.7263001203536987,477,67
202608040,same_family_donor,family_04795413b15e0b98,0.6447414794767444,704,79
202608040,same_family_donor,family_348b29b5f47eda18,1.0039897814984786,1108,21
202608040,same_family_donor,family_f77d449f1658a159,0.8580345237955525,8731,35
202608040,same_family_donor,family_39849966d6043c11,1.0182437896728516,242,48
202608040,same_family_donor,family_af212e596b07120e,0.6689941437321907,3169,52
202608040,same_family_donor,family_2d3e3d92f30c4369,0.27727092572985235,9069,82
202608040,same_family_donor,family_f0c0dd7c2f3b6a3f,0.4877122699003778,1674,90
202608040,same_family_donor,family_5aaa5f6f546aa704,0.7216185437584919,2491,11
202608040,same_family_donor,family_78031f033e192cce,0.5046405844606445,5759,3
202608040,same_family_donor,family_961cefc620e3d5ab,0.5811336040496826,467,53
202608040,same_family_donor,family_fe2836cc1cef695c,0.5842554823055868,3303,42
202608040,same_family_donor,family_0f71c7e0830e1d85,0.651786374220529,9124,86
202608040,same_family_donor,family_2dbafe5054d4bee7,0.21306702004365724,6286,54
202608040,same_family_donor,family_52885ec61f0240b9,0.19527469043593645,14987,96
202608040,same_family_donor,family_b88eee6ecd7ef6bc,0.5534503044089774,5460,46
202608040,same_family_donor,family_de67cf52f9a2ce89,0.7874057664679612,20432,29
202608040,same_family_donor,family_7b8c8789f38183da,0.9304258396949366,854,38
202608040,same_family_donor,family_774f10d6c3d75980,0.5286211669710507,10665,17
202608040,same_family_donor,family_6fbe37a0a6611f64,0.24011508792677222,29458,73
202608040,same_family_donor,family_c64269798048b60f,0.17331294282351806,12501,93
202608040,same_family_donor,family_f60bd4cc83d02add,0.2541480720091936,8558,84
202608040,same_family_donor,family_39f58e2fd604c61e,0.6818992495536804,61,51
202608040,same_family_donor,family_101bf32d18499c7d,0.3651825289656646,1918,95
202608040,same_family_donor,family_e97b637c75aac2b5,0.9500043988227844,156,89
202608040,same_family_donor,family_e2c30beb0d4abeae,1.045373943545535,12995,66
202608040,same_family_donor,family_581cf690b70ed77f,0.8291774067727546,3028,30
202608040,same_family_donor,family_9ccd2f467361ebab,1.0436622683331578,1789,44
202608040,same_family_donor,family_6342008bae187399,0.2404335461369203,8256,83
202608040,same_family_donor,family_8661140073b6a2ab,0.6904820799827576,266,97
202608040,same_family_donor,family_1a8ff9e18d3eabea,0.5416583715923249,1890,16
202608040,same_family_donor,family_b324bd83d2be3825,0.45493467839445506,8479,58
202608040,same_family_donor,family_23e85181dd747797,0.42768581410934187,725,99
202608040,same_family_donor,family_b3ba3218de08f591,1.1874634251340694,9580,8
202608040,same_family_donor,family_38ddaabf01adae92,0.323787884275027,6949,12
202608040,same_family_donor,family_5405158fe7a3977d,0.531378334129929,945,71
202608040,same_family_donor,family_e4e4467ef74cc720,0.2986067533493042,336,57
202608040,same_family_donor,family_4f1b63b3eef9f7d0,0.9492682286375629,1037,75
202608040,same_family_donor,family_7a300c986fbfa9f2,0.8289109270919786,522,18
202608040,same_family_donor,family_6f0024d47bda9a44,0.9302241552468252,463,45
202608040,same_family_donor,family_746d1e0c3274827f,0.3107764784224788,1191,62
202608040,same_family_donor,family_6a42731481dda124,0.7276643807157819,1084,56
202608040,same_family_donor,family_0ecded087f80d73b,1.1976584035621036,15697,61
202608040,same_family_donor,family_5facacfb4d33d062,0.47678955922675204,5721,1
202608040,same_family_donor,family_5cc4efa05e4dc250,0.4852162301540375,251,13
202608040,same_family_donor,family_4731a6d05dff34ce,0.7766809738802045,17077,15
202608040,same_family_donor,family_c3ae851031cec2bb,0.7298952173952963,5610,91
202608040,same_family_donor,family_30fbd9977a220042,0.3723684949298682,48674,81
202608040,same_family_donor,family_e3c89d0945320ec5,0.7182274230821865,508,0
202608040,same_family_donor,family_f99e7467cfd91d72,1.0241361349028228,639,23
202608040,same_family_donor,family_0a0ff01b239a934a,0.5881441397310824,3294,55
202608040,same_family_donor,family_5ebcadebe538bd59,0.43520650267601013,166,31
202608040,same_family_donor,family_2fe71bb032cb85fe,0.3687965841946414,533,20
202608040,same_family_donor,family_e0f7e5849dbe9388,0.7051412911527365,6626,72
202608040,same_family_donor,family_c3abd4306e03adf2,0.7474148003478592,3859,34
202608040,same_family_donor,family_83b27a32aa56f9dc,0.27160255345226175,1559,68
202608040,same_family_donor,family_fa3341292470541d,0.6112054003883866,2535,22
202608040,same_family_donor,family_15b8f6d235825863,0.3300088677745666,548,2
202608040,same_family_donor,family_a95aeca85317a04d,0.4672078596207489,10236,50
202608040,same_family_donor,family_3dffb074803c8f80,0.19182479989513976,7309,47
202608040,same_family_donor,family_1cfa4116628ae42e,0.44966475680092854,1026,94
202608040,same_family_donor,family_f53ae103dc0def58,0.7628845722686879,1238,26
202608040,same_family_donor,family_3db848c291e71542,0.2672346231079694,1287,14
202608040,same_family_donor,family_76f3986b08ecfc19,0.548506588999732,3583,10
202608040,same_family_donor,family_121eefce620403f7,0.6217184782059774,13214,36
202608040,same_family_donor,family_8aff46e64d1c8360,0.5957600133826612,20977,33
202608040,same_family_donor,family_debbecc1e7f77f3e,0.5537759968544536,4952,4
202608040,same_family_donor,family_f19aa9a5e722eb61,0.17646866622200302,1779,49
202608040,same_family_donor,family_d0b38ee50d018148,0.7291008017608285,1815,92
202608040,same_family_donor,family_aad2d66dec95dc7a,0.3955843330120028,1036,78
202608040,same_family_donor,family_59add5a121b9a616,0.585748447379485,985,59
202608040,same_family_donor,family_c2d4ffa1539bdafe,0.5236205353762314,12091,27
202608040,same_family_donor,family_58a5b18cf3751bf1,0.4353088777232191,1157,6
202608040,same_family_donor,family_8f08581ca21b6c6f,0.5390802988531448,638,76
202608040,same_family_donor,family_5d6a15b20dff7233,0.30581985025675784,5203,5
202608040,same_family_donor,family_eacebc389812585f,0.33093545204255637,1312,98
202608040,same_family_donor,family_3bd7e5ca43f02666,0.19567727949792538,578,65
202608040,same_family_donor,family_da2cbb03fa208ffc,0.4177181525477048,377,7
202608040,same_family_donor,family_5fe0b889b5279fed,0.2757816876545446,15281,32
202608040,same_family_donor,family_58c32a6b58cc329f,0.3226960345145759,654,69
202608040,same_family_donor,family_d4c8efafc098f593,0.8583567981375712,4931,80
202608040,same_family_donor,family_853b6705e7d7e7a9,0.40560818787880465,6166,70
202608040,same_family_donor,family_7c104874587dddcc,0.4288622192148985,1558,39
202608040,same_family_donor,family_2eec85a0fe915e64,0.8833622584115133,3893,40
202608040,same_family_donor,family_08157e0ead630e5c,0.5535258435220454,1189,85
202608040,same_family_donor,family_67cf34a836b9cd6c,1.0671427294338793,12275,64
202608040,same_family_donor,family_a03ac5414952d229,0.7643896708898293,3188,43
202608040,same_family_donor,family_4da27be0a15493fc,0.9956647867814835,5109,60
202608041,same_family_donor,family_d1a92696717aa9c2,0.47380790639532605,3093,19
202608041,same_family_donor,family_3835425eafb00035,0.9542543918972737,1216,74
202608041,same_family_donor,family_a534382ff42b71fb,0.45110710854958563,412,88
202608041,same_family_donor,family_6d17de7e325f25f8,0.3939753642515651,4197,63
202608041,same_family_donor,family_56b1bf9100abf79a,0.39290040249389924,779,25
202608041,same_family_donor,family_9edbfcdbf27d8472,1.1787752316887012,15674,9
202608041,same_family_donor,family_db6398f302f77cb4,0.2415818000573262,3153,77
202608041,same_family_donor,family_776fb0c74fb6af96,0.20947035108286294,10203,24
202608041,same_family_donor,family_be459453ebdfa1da,0.7507379392941975,1748,87
202608041,same_family_donor,family_439fc19617b55d44,0.5429481226962417,3230,37
202608041,same_family_donor,family_328dc279bafe7f69,0.4987470093648881,2560,28
202608041,same_family_donor,family_ac0566dd944bc201,0.7360072451737439,3803,41
202608041,same_family_donor,family_3fbe0e330aecdc00,0.7071844339370728,477,67
202608041,same_family_donor,family_04795413b15e0b98,0.644928066059947,704,79
202608041,same_family_donor,family_348b29b5f47eda18,1.0312097160286853,1108,21
202608041,same_family_donor,family_f77d449f1658a159,0.8645359543969767,8731,35
202608041,same_family_donor,family_39849966d6043c11,1.0030053853988647,242,48
202608041,same_family_donor,family_af212e596b07120e,0.728007454738966,3169,52
202608041,same_family_donor,family_2d3e3d92f30c4369,0.2700933176136448,9069,82
202608041,same_family_donor,family_f0c0dd7c2f3b6a3f,0.5326628628739889,1674,90
202608041,same_family_donor,family_5aaa5f6f546aa704,0.7497418494719379,2491,11
202608041,same_family_donor,family_78031f033e192cce,0.5244563436276343,5759,3
202608041,same_family_donor,family_961cefc620e3d5ab,0.5655403733253479,467,53
202608041,same_family_donor,family_fe2836cc1cef695c,0.5827870833722165,3303,42
202608041,same_family_donor,family_0f71c7e0830e1d85,0.6661422156329899,9124,86
202608041,same_family_donor,family_2dbafe5054d4bee7,0.237852845993456,6286,54
202608041,same_family_donor,family_52885ec61f0240b9,0.18165294927545947,14987,96
202608041,same_family_donor,family_b88eee6ecd7ef6bc,0.5592518662904208,5460,46
202608041,same_family_donor,family_de67cf52f9a2ce89,0.7829842688275112,20432,29
202608041,same_family_donor,family_7b8c8789f38183da,0.9500029701957659,854,38
202608041,same_family_donor,family_774f10d6c3d75980,0.5559459604172711,10665,17
202608041,same_family_donor,family_6fbe37a0a6611f64,0.23968870911166254,29458,73
202608041,same_family_donor,family_c64269798048b60f,0.18336956324031206,12501,93
202608041,same_family_donor,family_f60bd4cc83d02add,0.24665606718708016,8558,84
202608041,same_family_donor,family_39f58e2fd604c61e,1.1544890403747559,61,51
202608041,same_family_donor,family_101bf32d18499c7d,0.36642524503691976,1918,95
202608041,same_family_donor,family_e97b637c75aac2b5,0.9806150794029236,156,89
202608041,same_family_donor,family_e2c30beb0d4abeae,1.064232869417037,12995,66
202608041,same_family_donor,family_581cf690b70ed77f,0.8294293558621186,3028,30
202608041,same_family_donor,family_9ccd2f467361ebab,1.0437834819246765,1789,44
202608041,same_family_donor,family_6342008bae187399,0.24635408139361661,8256,83
202608041,same_family_donor,family_8661140073b6a2ab,0.7447717189788818,266,97
202608041,same_family_donor,family_1a8ff9e18d3eabea,0.543480074657965,1890,16
202608041,same_family_donor,family_b324bd83d2be3825,0.42509339111694006,8479,58
202608041,same_family_donor,family_23e85181dd747797,0.458424204875683,725,99
202608041,same_family_donor,family_b3ba3218de08f591,1.1989318978064742,9580,8
202608041,same_family_donor,family_38ddaabf01adae92,0.34059094175844334,6949,12
202608041,same_family_donor,family_5405158fe7a3977d,0.5641083817002635,945,71
202608041,same_family_donor,family_e4e4467ef74cc720,0.3948872983455658,336,57
202608041,same_family_donor,family_4f1b63b3eef9f7d0,0.9459030875934354,1037,75
202608041,same_family_donor,family_7a300c986fbfa9f2,0.8335272058901659,522,18
202608041,same_family_donor,family_6f0024d47bda9a44,0.9248573083599494,463,45
202608041,same_family_donor,family_746d1e0c3274827f,0.3458588389565622,1191,62
202608041,same_family_donor,family_6a42731481dda124,0.7199429935634796,1084,56
202608041,same_family_donor,family_0ecded087f80d73b,1.2157409094302998,15697,61
202608041,same_family_donor,family_5facacfb4d33d062,0.5264206053368425,5721,1
202608041,same_family_donor,family_5cc4efa05e4dc250,0.4712691605091095,251,13
202608041,same_family_donor,family_4731a6d05dff34ce,0.7954564683434695,17077,15
202608041,same_family_donor,family_c3ae851031cec2bb,0.7450954347583274,5610,91
202608041,same_family_donor,family_30fbd9977a220042,0.3972180354883325,48674,81
202608041,same_family_donor,family_e3c89d0945320ec5,0.7055506706237793,508,0
202608041,same_family_donor,family_f99e7467cfd91d72,1.0772538670165253,639,23
202608041,same_family_donor,family_0a0ff01b239a934a,0.6038137183416664,3294,55
202608041,same_family_donor,family_5ebcadebe538bd59,0.43267449736595154,166,31
202608041,same_family_donor,family_2fe71bb032cb85fe,0.417024579940549,533,20
202608041,same_family_donor,family_e0f7e5849dbe9388,0.7122385660453466,6626,72
202608041,same_family_donor,family_c3abd4306e03adf2,0.7625742696764309,3859,34
202608041,same_family_donor,family_83b27a32aa56f9dc,0.2596074034477213,1559,68
202608041,same_family_donor,family_fa3341292470541d,0.6548653416497232,2535,22
202608041,same_family_donor,family_15b8f6d235825863,0.34652940548249406,548,2
202608041,same_family_donor,family_a95aeca85317a04d,0.45553386493230436,10236,50
202608041,same_family_donor,family_3dffb074803c8f80,0.19971900970918044,7309,47
202608041,same_family_donor,family_1cfa4116628ae42e,0.555552053463157,1026,94
202608041,same_family_donor,family_f53ae103dc0def58,0.8281899190391978,1238,26
202608041,same_family_donor,family_3db848c291e71542,0.30686504672272036,1287,14
202608041,same_family_donor,family_76f3986b08ecfc19,0.5924466315707846,3583,10
202608041,same_family_donor,family_121eefce620403f7,0.649339630360843,13214,36
202608041,same_family_donor,family_8aff46e64d1c8360,0.5920343076289993,20977,33
202608041,same_family_donor,family_debbecc1e7f77f3e,0.5733214537695844,4952,4
202608041,same_family_donor,family_f19aa9a5e722eb61,0.17683479448695608,1779,49
202608041,same_family_donor,family_d0b38ee50d018148,0.7602846207697529,1815,92
202608041,same_family_donor,family_aad2d66dec95dc7a,0.40058403913809065,1036,78
202608041,same_family_donor,family_59add5a121b9a616,0.6080565963299747,985,59
202608041,same_family_donor,family_c2d4ffa1539bdafe,0.551608188716662,12091,27
202608041,same_family_donor,family_58a5b18cf3751bf1,0.49819505054989865,1157,6
202608041,same_family_donor,family_8f08581ca21b6c6f,0.5475802301052596,638,76
202608041,same_family_donor,family_5d6a15b20dff7233,0.31827914984311456,5203,5
202608041,same_family_donor,family_eacebc389812585f,0.3914126672032403,1312,98
202608041,same_family_donor,family_3bd7e5ca43f02666,0.2189138718078293,578,65
202608041,same_family_donor,family_da2cbb03fa208ffc,0.4037163596728752,377,7
202608041,same_family_donor,family_5fe0b889b5279fed,0.2930112646160212,15281,32
202608041,same_family_donor,family_58c32a6b58cc329f,0.33010003280566735,654,69
202608041,same_family_donor,family_d4c8efafc098f593,0.8615032867567217,4931,80
202608041,same_family_donor,family_853b6705e7d7e7a9,0.40235451005213146,6166,70
202608041,same_family_donor,family_7c104874587dddcc,0.4568706240328041,1558,39
202608041,same_family_donor,family_2eec85a0fe915e64,0.8987915193608939,3893,40
202608041,same_family_donor,family_08157e0ead630e5c,0.6102959376809174,1189,85
202608041,same_family_donor,family_67cf34a836b9cd6c,1.0954898230024366,12275,64
202608041,same_family_donor,family_a03ac5414952d229,0.7694572819819864,3188,43
202608041,same_family_donor,family_4da27be0a15493fc,1.0020421872542176,5109,60
202608042,same_family_donor,family_d1a92696717aa9c2,0.4581482753836912,3093,19
202608042,same_family_donor,family_3835425eafb00035,0.8446661505456033,1216,74
202608042,same_family_donor,family_a534382ff42b71fb,0.4952047727640393,412,88
202608042,same_family_donor,family_6d17de7e325f25f8,0.37071491670318807,4197,63
202608042,same_family_donor,family_56b1bf9100abf79a,0.37559944842685017,779,25
202608042,same_family_donor,family_9edbfcdbf27d8472,1.1652523286111107,15674,9
202608042,same_family_donor,family_db6398f302f77cb4,0.2212674363956087,3153,77
202608042,same_family_donor,family_776fb0c74fb6af96,0.19840684405255174,10203,24
202608042,same_family_donor,family_be459453ebdfa1da,0.7357128848677642,1748,87
202608042,same_family_donor,family_439fc19617b55d44,0.5267554153091398,3230,37
202608042,same_family_donor,family_328dc279bafe7f69,0.48066272435244173,2560,28
202608042,same_family_donor,family_ac0566dd944bc201,0.7144642415530676,3803,41
202608042,same_family_donor,family_3fbe0e330aecdc00,0.7011258006095886,477,67
202608042,same_family_donor,family_04795413b15e0b98,0.6357364475049756,704,79
202608042,same_family_donor,family_348b29b5f47eda18,1.0264682982264874,1108,21
202608042,same_family_donor,family_f77d449f1658a159,0.8359465463480142,8731,35
202608042,same_family_donor,family_39849966d6043c11,0.9554912447929382,242,48
202608042,same_family_donor,family_af212e596b07120e,0.6994067644726858,3169,52
202608042,same_family_donor,family_2d3e3d92f30c4369,0.27541377348645624,9069,82
202608042,same_family_donor,family_f0c0dd7c2f3b6a3f,0.5362956419925393,1674,90
202608042,same_family_donor,family_5aaa5f6f546aa704,0.693536232820432,2491,11
202608042,same_family_donor,family_78031f033e192cce,0.5509858651901414,5759,3
202608042,same_family_donor,family_961cefc620e3d5ab,0.5796734690666199,467,53
202608042,same_family_donor,family_fe2836cc1cef695c,0.5869285644562433,3303,42
202608042,same_family_donor,family_0f71c7e0830e1d85,0.6593068211197736,9124,86
202608042,same_family_donor,family_2dbafe5054d4bee7,0.21648211721858324,6286,54
202608042,same_family_donor,family_52885ec61f0240b9,0.18847270085691786,14987,96
202608042,same_family_donor,family_b88eee6ecd7ef6bc,0.5693034558614969,5460,46
202608042,same_family_donor,family_de67cf52f9a2ce89,0.7924808608594124,20432,29
202608042,same_family_donor,family_7b8c8789f38183da,0.9643930891916959,854,38
202608042,same_family_donor,family_774f10d6c3d75980,0.5244131200473129,10665,17
202608042,same_family_donor,family_6fbe37a0a6611f64,0.23372595950326785,29458,73
202608042,same_family_donor,family_c64269798048b60f,0.17474029084454346,12501,93
202608042,same_family_donor,family_f60bd4cc83d02add,0.2617152839129454,8558,84
202608042,same_family_donor,family_39f58e2fd604c61e,0.6860151290893555,61,51
202608042,same_family_donor,family_101bf32d18499c7d,0.37841303369984014,1918,95
202608042,same_family_donor,family_e97b637c75aac2b5,0.9817607402801514,156,89
202608042,same_family_donor,family_e2c30beb0d4abeae,1.0387273273957882,12995,66
202608042,same_family_donor,family_581cf690b70ed77f,0.8196470133143341,3028,30
202608042,same_family_donor,family_9ccd2f467361ebab,1.0370886686329337,1789,44
202608042,same_family_donor,family_6342008bae187399,0.2564399631769765,8256,83
202608042,same_family_donor,family_8661140073b6a2ab,0.6916007995605469,266,97
202608042,same_family_donor,family_1a8ff9e18d3eabea,0.5529314857942087,1890,16
202608042,same_family_donor,family_b324bd83d2be3825,0.4447030596595874,8479,58
202608042,same_family_donor,family_23e85181dd747797,0.42531777279130345,725,99
202608042,same_family_donor,family_b3ba3218de08f591,1.192575458407651,9580,8
202608042,same_family_donor,family_38ddaabf01adae92,0.34201873096952784,6949,12
202608042,same_family_donor,family_5405158fe7a3977d,0.538348617503252,945,71
202608042,same_family_donor,family_e4e4467ef74cc720,0.38300079107284546,336,57
202608042,same_family_donor,family_4f1b63b3eef9f7d0,0.9191940361876382,1037,75
202608042,same_family_donor,family_7a300c986fbfa9f2,0.7477702852409919,522,18
202608042,same_family_donor,family_6f0024d47bda9a44,0.9705089033293672,463,45
202608042,same_family_donor,family_746d1e0c3274827f,0.31793400980563447,1191,62
202608042,same_family_donor,family_6a42731481dda124,0.6939057017164477,1084,56
202608042,same_family_donor,family_0ecded087f80d73b,1.2002007803157795,15697,61
202608042,same_family_donor,family_5facacfb4d33d062,0.5311801234776897,5721,1
202608042,same_family_donor,family_5cc4efa05e4dc250,0.49357691407203674,251,13
202608042,same_family_donor,family_4731a6d05dff34ce,0.791381502038751,17077,15
202608042,same_family_donor,family_c3ae851031cec2bb,0.7338556204887635,5610,91
202608042,same_family_donor,family_30fbd9977a220042,0.372190399738238,48674,81
202608042,same_family_donor,family_e3c89d0945320ec5,0.691884245459489,508,0
202608042,same_family_donor,family_f99e7467cfd91d72,0.9856539278149792,639,23
202608042,same_family_donor,family_0a0ff01b239a934a,0.6213953141631976,3294,55
202608042,same_family_donor,family_5ebcadebe538bd59,0.48236727714538574,166,31
202608042,same_family_donor,family_2fe71bb032cb85fe,0.4160294017805167,533,20
202608042,same_family_donor,family_e0f7e5849dbe9388,0.7055870289263537,6626,72
202608042,same_family_donor,family_c3abd4306e03adf2,0.7624790503064967,3859,34
202608042,same_family_donor,family_83b27a32aa56f9dc,0.26846726953677447,1559,68
202608042,same_family_donor,family_fa3341292470541d,0.6456832414195383,2535,22
202608042,same_family_donor,family_15b8f6d235825863,0.31932028399331724,548,2
202608042,same_family_donor,family_a95aeca85317a04d,0.45631511033967215,10236,50
202608042,same_family_donor,family_3dffb074803c8f80,0.19241322096825086,7309,47
202608042,same_family_donor,family_1cfa4116628ae42e,0.442159013267149,1026,94
202608042,same_family_donor,family_f53ae103dc0def58,0.7745980850521698,1238,26
202608042,same_family_donor,family_3db848c291e71542,0.27279827075126845,1287,14
202608042,same_family_donor,family_76f3986b08ecfc19,0.5609225343300449,3583,10
202608042,same_family_donor,family_121eefce620403f7,0.6303556711203359,13214,36
202608042,same_family_donor,family_8aff46e64d1c8360,0.6129465925572467,20977,33
202608042,same_family_donor,family_debbecc1e7f77f3e,0.5677221872405975,4952,4
202608042,same_family_donor,family_f19aa9a5e722eb61,0.1727651752795377,1779,49
202608042,same_family_donor,family_d0b38ee50d018148,0.7465172417892897,1815,92
202608042,same_family_donor,family_aad2d66dec95dc7a,0.40075778239136955,1036,78
202608042,same_family_donor,family_59add5a121b9a616,0.5854200151668587,985,59
202608042,same_family_donor,family_c2d4ffa1539bdafe,0.5390838260228064,12091,27
202608042,same_family_donor,family_58a5b18cf3751bf1,0.42605399681044326,1157,6
202608042,same_family_donor,family_8f08581ca21b6c6f,0.6057817546831776,638,76
202608042,same_family_donor,family_5d6a15b20dff7233,0.30577883675662965,5203,5
202608042,same_family_donor,family_eacebc389812585f,0.33312357612317656,1312,98
202608042,same_family_donor,family_3bd7e5ca43f02666,0.1721039035431654,578,65
202608042,same_family_donor,family_da2cbb03fa208ffc,0.40400209611859816,377,7
202608042,same_family_donor,family_5fe0b889b5279fed,0.2835382923759814,15281,32
202608042,same_family_donor,family_58c32a6b58cc329f,0.3433492060648192,654,69
202608042,same_family_donor,family_d4c8efafc098f593,0.8476216323935123,4931,80
202608042,same_family_donor,family_853b6705e7d7e7a9,0.40935555467774176,6166,70
202608042,same_family_donor,family_7c104874587dddcc,0.43284207190337937,1558,39
202608042,same_family_donor,family_2eec85a0fe915e64,0.8724367167659998,3893,40
202608042,same_family_donor,family_08157e0ead630e5c,0.5982606990483752,1189,85
202608042,same_family_donor,family_67cf34a836b9cd6c,1.093074755085947,12275,64
202608042,same_family_donor,family_a03ac5414952d229,0.7636859983280582,3188,43
202608042,same_family_donor,family_4da27be0a15493fc,0.9968793174132696,5109,60
