model,metric,contrast,mean_effect,median_effect,ci95_low,ci95_high,raw_p,standardized_paired_effect,relative_effect
transformer_l,bar_pair_similarity,same_minus_unrelated,0.008169291572142905,0.0036562159130809043,-0.001053580356139219,0.01843457320249841,0.0841915808419158,0.21390737683700176,
transformer_l,bar_pair_similarity,same_minus_clean,0.00016300966971368244,0.0,-0.008488040420989043,0.008470874118823846,0.9391060893910609,0.004946293468698003,
transformer_l,bar_pair_similarity,unrelated_minus_clean,-0.005341248672786338,0.0,-0.014933176834582583,0.0037489954030387193,0.260973902609739,-0.14510662097789775,
transformer_l,si_short,same_minus_unrelated,0.0002314814814814815,0.0,-0.00013888888888888883,0.0008333333333333334,0.7097290270972902,0.10582861748800718,
transformer_l,si_short,same_minus_clean,-3.3738191632928474e-05,0.0,-0.00010121457489878543,0.0,0.7259274072592741,-0.13245323570650436,
transformer_l,si_short,unrelated_minus_clean,-0.00027740290898185636,0.0,-0.0008771929824561404,4.498425551057123e-05,0.7489251074892511,-0.1253813881634086,
transformer_l,si_medium,same_minus_unrelated,0.00226521164021164,0.0,-0.004315476190476191,0.01111111111111111,0.696930306969303,0.23584087008219354,
transformer_l,si_medium,same_minus_clean,-0.008128908128908128,0.0,-0.022943722943722943,0.0,0.1571842815718428,-0.5006885454785462,
transformer_l,si_medium,unrelated_minus_clean,-0.01299264971139971,0.0,-0.041666666666666664,0.0026887175324675325,0.6291370862913709,-0.4570764388669697,
transformer_l,si_long,same_minus_unrelated,-0.003401360544217684,-0.003401360544217684,-0.003401360544217684,-0.003401360544217684,0.00019998000199980003,,
transformer_l,si_long,same_minus_clean,0.013888888888888888,0.013888888888888888,0.013888888888888888,0.013888888888888888,0.00019998000199980003,,
transformer_l,si_long,unrelated_minus_clean,0.017290249433106572,0.017290249433106572,0.017290249433106572,0.017290249433106572,0.00019998000199980003,,
transformer_l,motif_repetition_rate,same_minus_unrelated,-4.13255360623781e-05,0.0,-0.0009239766081871344,0.0008,0.9735026497350265,-0.010093533719898946,
transformer_l,motif_repetition_rate,same_minus_clean,5.2910052910052834e-06,0.0,0.0,1.5873015873015852e-05,0.7325267473252675,0.09999999999999998,
transformer_l,motif_repetition_rate,unrelated_minus_clean,4.661654135338342e-05,0.0,-0.0008,0.0009398496240601503,0.9857014298570143,0.011274871282324808,
transformer_l,repeated_pattern_count,same_minus_unrelated,-0.002,0.0,-0.008,0.002,0.7613238676132387,-0.07258837066150971,
transformer_l,repeated_pattern_count,same_minus_clean,-0.0006666666666666666,0.0,-0.002,0.0,0.7281271872812719,-0.09999999999999999,
transformer_l,repeated_pattern_count,unrelated_minus_clean,0.001333333333333333,0.0,-0.002,0.006,0.813918608139186,0.06305476678616634,
transformer_l,mean_repeated_pattern_length,same_minus_unrelated,0.0,0.0,0.0,0.0,1.0,,
transformer_l,mean_repeated_pattern_length,same_minus_clean,-0.19999999999999996,-0.19999999999999996,-0.3999999999999999,0.0,0.5053494650534947,-0.7071067811865475,
transformer_l,mean_repeated_pattern_length,unrelated_minus_clean,-0.3999999999999999,-0.3999999999999999,-0.3999999999999999,-0.3999999999999999,0.00019998000199980003,,
transformer_l,longest_repeated_pattern_length,same_minus_unrelated,0.0,0.0,-0.002,0.002,1.0,0.0,
transformer_l,longest_repeated_pattern_length,same_minus_clean,-0.0006666666666666666,0.0,-0.002,0.0,0.7229277072292771,-0.09999999999999999,
transformer_l,longest_repeated_pattern_length,unrelated_minus_clean,-0.0006666666666666666,0.0,-0.002,0.0,0.7303269673032696,-0.09999999999999999,
transformer_l,self_similarity_offdiag_mean,same_minus_unrelated,0.007960898237532864,0.0031122492220890382,-0.0012694069246945942,0.01809419283748242,0.097990200979902,0.20728839069816113,
transformer_l,self_similarity_offdiag_mean,same_minus_clean,-9.213797672191015e-05,0.0,-0.008890794908342551,0.008173522546377916,1.0,-0.0027455957372183545,
transformer_l,self_similarity_offdiag_mean,unrelated_minus_clean,-0.005377034914369255,0.0,-0.0156605566197431,0.0040739836957165345,0.28077192280771923,-0.14119076263425687,
transformer_l,self_similarity_high_fraction,same_minus_unrelated,0.0014419804959020636,0.0,-0.0013488477798526818,0.004749189490611053,0.3471652834716528,0.11798541599865267,
transformer_l,self_similarity_high_fraction,same_minus_clean,-0.002294089925668871,0.0,-0.010987072381809222,0.005016504937557568,0.5985401459854015,-0.07386473431084611,
transformer_l,self_similarity_high_fraction,unrelated_minus_clean,-0.0038119641318815696,0.0,-0.01340993126145344,0.003536154520287639,0.40275972402759724,-0.1131305486532899,
transformer_l,groove_consistency,same_minus_unrelated,-0.010896568867898993,0.0,-0.03630878373870799,0.014609316304203526,0.39936006399360063,-0.10785949108682032,
transformer_l,groove_consistency,same_minus_clean,-0.014144346307991145,-0.010185185185185186,-0.03370345232595603,0.0051597554995629555,0.15978402159784022,-0.18525846386869294,
transformer_l,groove_consistency,unrelated_minus_clean,0.0029846546504801266,0.00803490490990491,-0.01563463985418291,0.0222088009294137,0.7581241875812419,0.040178795479480035,
transformer_l,grooving_pattern_similarity,same_minus_unrelated,-0.010928842659731907,-0.0004960317460317304,-0.036342300871643855,0.014623564749977993,0.40115988401159886,-0.10812841218710377,
transformer_l,grooving_pattern_similarity,same_minus_clean,-0.015906169330570222,-0.011163096163096214,-0.035528917961303315,0.004170521820346504,0.12318768123187682,-0.206826248908074,
transformer_l,grooving_pattern_similarity,unrelated_minus_clean,0.0012568040403567412,0.0016912238995571982,-0.017852760987224443,0.02054615722594262,0.8859114088591141,0.017096408859352027,
transformer_l,ioi_mean,same_minus_unrelated,-0.032369862535684274,0.0,-0.10945767188668847,0.03476434564817728,0.37976202379762025,-0.08765206438225139,
transformer_l,ioi_mean,same_minus_clean,0.04690749272252497,0.0,-0.006149018942434577,0.10906913995674195,0.08739126087391261,0.1611892627477651,
transformer_l,ioi_mean,unrelated_minus_clean,0.07927735525820927,0.0,0.008177379380327652,0.1735484698574741,0.020597940205979402,0.18819725902761272,
transformer_l,ioi_variance,same_minus_unrelated,-0.1507922797759456,0.0,-0.4478010152520155,0.0482346543432774,0.19638036196380362,-0.11618815270586899,
transformer_l,ioi_variance,same_minus_clean,0.22985340431737267,0.003976003550588726,0.057487223031897995,0.4316876254003277,0.005599440055994401,0.23795790304859427,
transformer_l,ioi_variance,unrelated_minus_clean,0.3806456840933183,0.010450055819991463,0.0826338575282539,0.7796427715856131,0.004399560043995601,0.2124987728355407,
transformer_l,ioi_entropy,same_minus_unrelated,-0.015086782857912878,0.0,-0.04543377652635851,0.01604536912877659,0.3371662833716628,-0.09562105289489381,
transformer_l,ioi_entropy,same_minus_clean,0.023369767414986933,0.0,-0.007122167671266661,0.05505874947072555,0.1337866213378662,0.143975236898927,
transformer_l,ioi_entropy,unrelated_minus_clean,0.03845655027289982,0.01355258357286841,0.012044182217642554,0.06539201813960643,0.004999500049995001,0.2867295823126346,
transformer_l,ioi_jsd_to_receiver,same_minus_unrelated,-0.003918087591212663,0.0,-0.014729373519432768,0.007150338127188914,0.48655134486551344,-0.06967234242180723,
transformer_l,ioi_jsd_to_receiver,same_minus_clean,-0.0008655111655602067,-0.00017853800023924504,-0.011189431803035037,0.00947605647621824,0.8581141885811419,-0.01660818794072076,
transformer_l,ioi_jsd_to_receiver,unrelated_minus_clean,0.003052576425652457,0.0,-0.007830222435431843,0.013976609003355494,0.5989401059894011,0.053838750821957215,
transformer_l,duration_jsd_to_receiver,same_minus_unrelated,-0.007312348735425995,-0.0036140259110614276,-0.015714636478568033,0.0008482676185010805,0.07979202079792021,-0.1726856170747381,
transformer_l,duration_jsd_to_receiver,same_minus_clean,-0.003920573818209621,-0.001466242023234074,-0.012236401185178982,0.004728712253662429,0.3671632836716328,-0.09060600767109848,
transformer_l,duration_jsd_to_receiver,unrelated_minus_clean,0.003391774917216371,-0.00014776613104693082,-0.005756560413134283,0.013280475615634467,0.48995100489951005,0.06912321851580358,
transformer_l,duration_entropy,same_minus_unrelated,-0.009204911767516501,0.00971052189409427,-0.04191362443018251,0.02334531779557456,0.5705429457054294,-0.05538724731458485,
transformer_l,duration_entropy,same_minus_clean,0.008275684817256239,0.0021760915394552494,-0.02607790618453528,0.042198018776852024,0.6183381661833817,0.04746796318128089,
transformer_l,duration_entropy,unrelated_minus_clean,0.01748059658477274,0.020328720421112556,-0.010917857215411993,0.044841603332780165,0.21397860213978603,0.12441273754614789,
transformer_l,onset_pattern_entropy,same_minus_unrelated,-0.0017957904946588276,0.0,-0.027131697151222687,0.023361626361546862,0.8913108689131087,-0.013834019023236957,
transformer_l,onset_pattern_entropy,same_minus_clean,0.011597904869699274,0.0,-0.01921977848982385,0.04308297939857307,0.48795120487951205,0.0721557526825884,
transformer_l,onset_pattern_entropy,unrelated_minus_clean,0.013393695364358105,0.0,-0.01201118777878126,0.03857425385972707,0.29957004299570045,0.10056393373492532,
transformer_l,rhythmic_density,same_minus_unrelated,0.0809898328824025,0.0,-0.22592550835588007,0.3882524435425828,0.5985401459854015,0.05179529286532934,
transformer_l,rhythmic_density,same_minus_clean,-0.1666791245791245,0.0,-0.5191527020202017,0.18627406565656568,0.34756524347565243,-0.09196260526234305,
transformer_l,rhythmic_density,unrelated_minus_clean,-0.24766895746152698,0.0,-0.5425611796837491,0.052762663238034795,0.10878912108789121,-0.1622419145906219,
transformer_l,pitch_class_entropy,same_minus_unrelated,-0.0019861445975953985,0.004812728164541924,-0.02898486854627314,0.02388082851135805,0.8863113688631137,-0.014487825395932203,
transformer_l,pitch_class_entropy,same_minus_clean,-0.0014238468517251768,-0.01610287236575214,-0.031528589359466896,0.028165676463075526,0.92010798920108,-0.009288240199210665,
transformer_l,pitch_class_entropy,unrelated_minus_clean,0.0005622977458702216,-0.01433994906017877,-0.023152042741857136,0.0246455751441334,0.9697030296970303,0.004568165167661148,
transformer_l,pitch_class_histogram_jsd_to_receiver,same_minus_unrelated,-0.028544026255266027,-0.019723447254470464,-0.039387417715362645,-0.0185557291539834,0.00019998000199980003,-0.5416049503947987,
transformer_l,pitch_class_histogram_jsd_to_receiver,same_minus_clean,-0.031457521273184325,-0.021540607884616578,-0.042753197508407975,-0.020992115359906787,0.00019998000199980003,-0.5644435071171829,
transformer_l,pitch_class_histogram_jsd_to_receiver,unrelated_minus_clean,-0.0029134950179182818,0.0036143511240551013,-0.010657901027868327,0.004916122841084663,0.45395460453954606,-0.07304892120893844,
transformer_l,scale_consistency,same_minus_unrelated,0.002124869735739303,0.0,-0.002649680612463215,0.00679391497069758,0.38716128387161286,0.08875912076550556,
transformer_l,scale_consistency,same_minus_clean,0.0007257618870662319,0.0,-0.0041559106163562695,0.0055348872713437795,0.787921207879212,0.0288415581554041,
transformer_l,scale_consistency,unrelated_minus_clean,-0.0013991078486730712,0.0005472739820566175,-0.005593590015057402,0.00252160825647781,0.48475152484751527,-0.06754163196476401,
transformer_l,pitch_interval_mean,same_minus_unrelated,-0.026475467764712626,-0.03611111111111111,-0.07431356864569327,0.022190283784699373,0.27517248275172485,-0.10884802309592961,
transformer_l,pitch_interval_mean,same_minus_clean,-0.004638048126175737,0.004044556384373288,-0.05336463302635903,0.04398977273301897,0.8321167883211679,-0.018529964104188133,
transformer_l,pitch_interval_mean,unrelated_minus_clean,0.021837419638536894,-0.0027777777777777124,-0.024379645882657876,0.06720692686155144,0.35596440355964404,0.09267358986182786,
transformer_l,pitch_interval_variance,same_minus_unrelated,1.808030047966521,1.13324551843494,-7.3121543246809635,12.529682480692326,0.7287271272872713,0.03607659520223375,
transformer_l,pitch_interval_variance,same_minus_clean,7.747733524059178,2.3713666269369895,-0.9706587138772651,16.96287945019956,0.0801919808019198,0.1688984725041105,
transformer_l,pitch_interval_variance,unrelated_minus_clean,5.939703476092657,3.8027571769372486,-3.4164069276556375,15.396926099616964,0.22077792220777923,0.12290075820081388,
transformer_l,pitch_interval_jsd_to_receiver,same_minus_unrelated,-0.027211489578421188,-0.02332569860964942,-0.0366894728077388,-0.017804658077926642,0.00019998000199980003,-0.5655631231173355,
transformer_l,pitch_interval_jsd_to_receiver,same_minus_clean,-0.03472922392199039,-0.03556424214481743,-0.04466931684400742,-0.025189980354281463,0.00019998000199980003,-0.7014318031735518,
transformer_l,pitch_interval_jsd_to_receiver,unrelated_minus_clean,-0.0075177343435692025,-0.005838743860218321,-0.015279832628763241,-0.00012565261893625804,0.043995600439956005,-0.19484179115581016,
transformer_l,pitch_range,same_minus_unrelated,0.2886666666666668,0.36666666666666714,-0.28400000000000003,0.9033666666666662,0.3307669233076692,0.09434321990722548,
transformer_l,pitch_range,same_minus_clean,0.5033333333333334,0.23333333333333428,-0.10201666666666691,1.1713333333333336,0.09859014098590141,0.15721698607134002,
transformer_l,pitch_range,unrelated_minus_clean,0.21466666666666662,0.20000000000000284,-0.3346666666666666,0.7686833333333333,0.4373562643735626,0.07667080246019883,
transformer_l,used_pitch_classes,same_minus_unrelated,-0.04333333333333332,-0.06666666666666643,-0.14934999999999998,0.05866666666666671,0.41675832416758324,-0.08053658004252907,
transformer_l,used_pitch_classes,same_minus_clean,-0.015333333333333336,-0.06666666666666643,-0.12200000000000001,0.08999999999999998,0.7785221477852214,-0.028376893443075268,
transformer_l,used_pitch_classes,unrelated_minus_clean,0.027999999999999983,0.033333333333333215,-0.05800000000000005,0.11601666666666646,0.53994600539946,0.06294023515143753,
transformer_l,tonal_key_consistency,same_minus_unrelated,0.002124869735739303,0.0,-0.002453951190918577,0.0068181279095300956,0.3655634436556344,0.08875912076550556,
transformer_l,tonal_key_consistency,same_minus_clean,0.0007257618870662319,0.0,-0.004195827686805929,0.005655186523621309,0.7729227077292271,0.0288415581554041,
transformer_l,tonal_key_consistency,unrelated_minus_clean,-0.0013991078486730712,0.0005472739820566175,-0.005578874615722449,0.0026291002729154746,0.5043495650434956,-0.06754163196476401,
transformer_l,note_density,same_minus_unrelated,0.0809898328824025,0.0,-0.23023405600648644,0.3816245315047868,0.5965403459654035,0.05179529286532934,
transformer_l,note_density,same_minus_clean,-0.1666791245791245,0.0,-0.5234268265993263,0.18824968855218874,0.3581641835816418,-0.09196260526234305,
transformer_l,note_density,unrelated_minus_clean,-0.24766895746152698,0.0,-0.537519616254059,0.05779943314167776,0.10918908109189081,-0.1622419145906219,
transformer_l,polyphony,same_minus_unrelated,0.053859695714390136,-0.0077200577200573495,-0.0161374909290579,0.12811813575991848,0.13638636136386362,0.14537726121433048,
transformer_l,polyphony,same_minus_clean,-0.10222478505600727,-0.004665473415473631,-0.2822427288036512,0.02794381244127606,0.1685831416858314,-0.12588344982529495,
transformer_l,polyphony,unrelated_minus_clean,-0.15608448077039738,-0.03439153439153464,-0.3063903807363511,-0.042080176844681225,0.0021997800219978004,-0.22539694032742622,
transformer_l,polyphony_rate,same_minus_unrelated,0.0050241207840683,0.004942780531015878,-0.006756833772086829,0.01639075922750803,0.39776022397760225,0.08339380469396608,
transformer_l,polyphony_rate,same_minus_clean,0.007684882201250495,5.551115123125783e-17,-0.0074968799748558156,0.023260377919913783,0.3227677232276772,0.09830264295738679,
transformer_l,polyphony_rate,unrelated_minus_clean,0.0026607614171821944,0.002940115440115465,-0.010026679031547138,0.015754236299924475,0.6957304269573042,0.0402741625492686,
transformer_l,empty_beat_rate,same_minus_unrelated,0.0005945526065495116,0.0,-0.00751737847222222,0.008473738046994141,0.8865113488651135,0.014601939190267324,
transformer_l,empty_beat_rate,same_minus_clean,0.0009080838143338121,0.005277777777777826,-0.008267541636604134,0.0096535701509139,0.8243175682431757,0.019726052186548205,
transformer_l,empty_beat_rate,unrelated_minus_clean,0.00031353120778430054,0.0,-0.007809436025360953,0.008442281207784305,0.9315068493150684,0.007459037405304571,
transformer_l,empty_measure_rate,same_minus_unrelated,-0.0017743034055727558,0.0,-0.006774303405572756,0.003336807705538355,0.4861513848615138,-0.06917850913792027,
transformer_l,empty_measure_rate,same_minus_clean,-0.0005137806637806635,0.0,-0.006111111111111111,0.004875452741702736,0.8615138486151385,-0.0181345578126606,
transformer_l,empty_measure_rate,unrelated_minus_clean,0.0012605227417920922,0.0,-0.0038678434053047057,0.006444444444444444,0.6451354864513549,0.04694328721152157,
transformer_l,qualified_note_ratio,same_minus_unrelated,0.000863284123284116,0.0,-0.0016248689458689474,0.0029351801994301884,0.4323567643235676,0.07293528160828049,
transformer_l,qualified_note_ratio,same_minus_clean,3.792518270779755e-05,0.0,-0.002058711693298642,0.0018185357673727225,0.9345065493450655,0.003807365635320771,
transformer_l,qualified_note_ratio,unrelated_minus_clean,-0.0008253589405763184,0.0,-0.0028364739282456483,0.0008615650231411205,0.39376062393760625,-0.08564355519878256,
transformer_l,average_note_duration,same_minus_unrelated,-0.0015817390172034916,0.014777777777778334,-0.21819448013652923,0.17311195537318713,0.9491050894910509,-0.0015974521913946118,
transformer_l,average_note_duration,same_minus_clean,0.1852746101811769,-0.013055555555556153,0.02763700597765441,0.3830184666592055,0.017598240175982403,0.19903942158874915,
transformer_l,average_note_duration,unrelated_minus_clean,0.1868563491983804,0.0187053140096618,-0.026031514962266637,0.5189301637438567,0.1341865813418658,0.12101404099534945,
transformer_l,duration_variance,same_minus_unrelated,0.16238417861457882,-0.03263999999999989,-2.931929890005947,3.520510481216375,0.9355064493550644,0.009869592433191698,
transformer_l,duration_variance,same_minus_clean,2.2991505249918767,0.12959999999999944,-0.40072974237487985,5.750815882893993,0.11998800119988001,0.1430274871445339,
transformer_l,duration_variance,unrelated_minus_clean,2.1367663463772972,0.06378666666666814,-0.07836612964340002,4.5357052970747285,0.062193780621937804,0.17991693277187937,
transformer_l,pitch_range,same_minus_unrelated,0.2886666666666668,0.36666666666666714,-0.29333333333333295,0.9040166666666665,0.34256574342565743,0.09434321990722548,
transformer_l,pitch_range,same_minus_clean,0.5033333333333334,0.23333333333333428,-0.07533333333333281,1.172049999999999,0.0927907209279072,0.15721698607134002,
transformer_l,pitch_range,unrelated_minus_clean,0.21466666666666662,0.20000000000000284,-0.32001666666666656,0.7706999999999998,0.4353564643535646,0.07667080246019883,
transformer_l,used_pitch_classes,same_minus_unrelated,-0.04333333333333332,-0.06666666666666643,-0.15066666666666667,0.06,0.4203579642035796,-0.08053658004252907,
transformer_l,used_pitch_classes,same_minus_clean,-0.015333333333333336,-0.06666666666666643,-0.11933333333333321,0.09133333333333332,0.7897210278972103,-0.028376893443075268,
transformer_l,used_pitch_classes,unrelated_minus_clean,0.027999999999999983,0.033333333333333215,-0.05800000000000003,0.1133333333333334,0.5171482851714828,0.06294023515143753,
transformer_l,notes_per_bar,same_minus_unrelated,0.0809898328824025,0.0,-0.23149538143487072,0.3831453954410454,0.6015398460153984,0.05179529286532934,
transformer_l,notes_per_bar,same_minus_clean,-0.1666791245791245,0.0,-0.5219342003367003,0.17809824915824918,0.34336566343365665,-0.09196260526234305,
transformer_l,notes_per_bar,unrelated_minus_clean,-0.24766895746152698,0.0,-0.5452967465420718,0.051813877586122124,0.10138986101389862,-0.1622419145906219,
transformer_l,onset_density,same_minus_unrelated,-0.0005945526065495107,0.0,-0.008553787426274852,0.007583311976783819,0.8745125487451255,-0.014601939190267303,
transformer_l,onset_density,same_minus_clean,-0.0009080838143338155,-0.00527777777777777,-0.009650108149951903,0.008123732638888884,0.825917408259174,-0.019726052186548274,
transformer_l,onset_density,unrelated_minus_clean,-0.00031353120778430417,0.0,-0.008563643793534467,0.007960034722222217,0.9561043895610439,-0.007459037405304659,
transformer_l,pitch_class_jsd,same_minus_unrelated,-0.028544026255266027,-0.019723447254470464,-0.03931930033759856,-0.018666202562037097,0.00019998000199980003,-0.5416049503947987,
transformer_l,pitch_class_jsd,same_minus_clean,-0.031457521273184325,-0.021540607884616578,-0.04260887630005025,-0.021105560853082062,0.00019998000199980003,-0.5644435071171829,
transformer_l,pitch_class_jsd,unrelated_minus_clean,-0.0029134950179182818,0.0036143511240551013,-0.010712423656660678,0.004884518458096034,0.4467553244675532,-0.07304892120893844,
transformer_l,pitch_interval_jsd,same_minus_unrelated,-0.027211489578421188,-0.02332569860964942,-0.0368095880233262,-0.01795600548853326,0.00019998000199980003,-0.5655631231173355,
transformer_l,pitch_interval_jsd,same_minus_clean,-0.03472922392199039,-0.03556424214481743,-0.0446726022265129,-0.025210925382270613,0.00019998000199980003,-0.7014318031735518,
transformer_l,pitch_interval_jsd,unrelated_minus_clean,-0.0075177343435692025,-0.005838743860218321,-0.015191061906547204,-0.00011095786286242339,0.0461953804619538,-0.19484179115581016,
transformer_l,ioi_jsd,same_minus_unrelated,-0.003918087591212663,0.0,-0.014588789261199832,0.0071608456764676014,0.49035096490350966,-0.06967234242180723,
transformer_l,ioi_jsd,same_minus_clean,-0.0008655111655602067,-0.00017853800023924504,-0.010873537766983545,0.009190364516437574,0.8457154284571543,-0.01660818794072076,
transformer_l,ioi_jsd,unrelated_minus_clean,0.003052576425652457,0.0,-0.007878588663200247,0.014160519684278347,0.5923407659234077,0.053838750821957215,
transformer_l,duration_jsd,same_minus_unrelated,-0.007312348735425995,-0.0036140259110614276,-0.015897768693908,0.000678185357156007,0.0745925407459254,-0.1726856170747381,
transformer_l,duration_jsd,same_minus_clean,-0.003920573818209621,-0.001466242023234074,-0.012031567189495987,0.004800784155935449,0.3575642435756424,-0.09060600767109848,
transformer_l,duration_jsd,unrelated_minus_clean,0.003391774917216371,-0.00014776613104693082,-0.005788568381840952,0.013525980211535206,0.4931506849315068,0.06912321851580358,
transformer_l,density_wasserstein,same_minus_unrelated,-0.06284514851485136,0.0,-0.2854564323432342,0.159982805280528,0.5773422657734226,-0.05538146024748861,
transformer_l,density_wasserstein,same_minus_clean,-0.03973293729372923,0.0,-0.3183648217821778,0.23087098019801963,0.7963203679632037,-0.028200113001809055,
transformer_l,density_wasserstein,unrelated_minus_clean,0.02311221122112216,0.0,-0.21964819801980176,0.2564038085808578,0.8183181681831817,0.01877064441646142,
transformer_l,ioi_wasserstein,same_minus_unrelated,-0.07641030645921734,-0.0024092409240924137,-0.14541086822253654,-0.021240577086280094,0.0021997800219978004,-0.23654669727925812,
transformer_l,ioi_wasserstein,same_minus_clean,-0.008654622275414348,-0.0040462046204620475,-0.06131162868567078,0.050448045452072716,0.7387261273872613,-0.0304279310805506,
transformer_l,ioi_wasserstein,unrelated_minus_clean,0.06775568418380301,0.0,0.008031548444130144,0.15569101032713162,0.0187981201879812,0.17605253292443204,
transformer_l,duration_wasserstein,same_minus_unrelated,-0.09479478547854792,-0.024818481848184887,-0.27954456600660077,0.0367059735973597,0.21957804219578042,-0.11422666590801653,
transformer_l,duration_wasserstein,same_minus_clean,0.07621887788778874,-0.02274257425742579,-0.03561773927392742,0.23489133828382824,0.2653734626537346,0.10916694479752596,
transformer_l,duration_wasserstein,unrelated_minus_clean,0.17101366336633672,0.0018184818481848941,-0.006322998349834957,0.4738747046204618,0.0705929407059294,0.12557455783789756,
transformer_l,pitch_interval_wasserstein,same_minus_unrelated,-0.09567782178217817,-0.09769636963696438,-0.21471111056105605,0.02625724257425743,0.12418758124187582,-0.15535173435488545,
transformer_l,pitch_interval_wasserstein,same_minus_clean,-0.2848359735973598,-0.19124752475247608,-0.4014625115511551,-0.1732425759075908,0.00019998000199980003,-0.49446922483354605,
transformer_l,pitch_interval_wasserstein,unrelated_minus_clean,-0.18915815181518159,-0.2045907590759075,-0.3302595775577558,-0.04961498679867984,0.008599140085991401,-0.2620297505157221,
conditional_vae,bar_pair_similarity,same_minus_unrelated,-0.006277291846652242,-0.001968580754540216,-0.014790682478592715,0.002228044345290263,0.14538546145385461,-0.17919310806611882,
conditional_vae,bar_pair_similarity,same_minus_clean,-0.0013925100451741299,0.00033198063745580207,-0.00894755134206708,0.006106159172351476,0.7153284671532847,-0.04528952314253399,
conditional_vae,bar_pair_similarity,unrelated_minus_clean,0.005435427141109677,0.0,-0.0032440551565252745,0.014195901380657424,0.22697730226977303,0.1503566364184044,
conditional_vae,si_short,same_minus_unrelated,0.001673768254771544,0.0,0.0,0.004736425398431977,0.2763723627637236,0.1480301670490406,
conditional_vae,si_short,same_minus_clean,0.0006648813083845976,0.0,0.0,0.0018505959501025284,0.2705729427057294,0.15442879770849058,
conditional_vae,si_short,unrelated_minus_clean,-0.0009933656087502242,0.0,-0.002841432072201303,0.0,0.25377462253774624,-0.14265008078427585,
conditional_vae,si_medium,same_minus_unrelated,0.010240883390393193,0.0,0.0,0.02258656240273887,0.16398360163983602,0.705871454711843,
conditional_vae,si_medium,same_minus_clean,0.009468735410830998,0.0,-0.01326046043417367,0.041666666666666664,0.6387361263873612,0.29743188797921105,
conditional_vae,si_medium,unrelated_minus_clean,-0.0033323688271604934,0.0,-0.028515624999999996,0.018518518518518517,0.8427157284271573,-0.12871412446848143,
conditional_vae,si_long,same_minus_unrelated,0.022138278388278393,0.022138278388278393,0.022138278388278393,0.022138278388278393,0.00019998000199980003,,
conditional_vae,si_long,same_minus_clean,-0.03163156288156287,-0.03163156288156287,-0.03163156288156287,-0.03163156288156287,0.00019998000199980003,,
conditional_vae,si_long,unrelated_minus_clean,-0.053769841269841266,-0.053769841269841266,-0.053769841269841266,-0.053769841269841266,0.00019998000199980003,,
conditional_vae,motif_repetition_rate,same_minus_unrelated,0.0011808777623019111,0.0,0.0,0.0033617555246038223,0.253974602539746,0.11640832292530989,
conditional_vae,motif_repetition_rate,same_minus_clean,0.0009406516141810262,0.0,0.0,0.002377510398098634,0.2673732626737326,0.1419219661119264,
conditional_vae,motif_repetition_rate,unrelated_minus_clean,-0.0002402261481208849,0.0,-0.0016666666666666663,0.0009459882223040117,0.9265073492650735,-0.03744340950103741,
conditional_vae,repeated_pattern_count,same_minus_unrelated,0.005333333333333334,0.0,0.0,0.014666666666666668,0.2675732426757324,0.12687616393795076,
conditional_vae,repeated_pattern_count,same_minus_clean,0.006000000000000001,0.0,0.0,0.017333333333333336,0.2755724427557244,0.11177030058773446,
conditional_vae,repeated_pattern_count,unrelated_minus_clean,0.000666666666666667,0.0,-0.002,0.004000000000000001,0.7827217278272173,0.04454175497072095,
conditional_vae,mean_repeated_pattern_length,same_minus_unrelated,0.13204099821746873,0.13204099821746873,0.0,0.26408199643493746,0.4851514848515148,0.7071067811865476,
conditional_vae,mean_repeated_pattern_length,same_minus_clean,-0.10367328749681692,-0.10367328749681692,-0.20734657499363385,0.0,0.49775022497750226,-0.7071067811865475,
conditional_vae,mean_repeated_pattern_length,unrelated_minus_clean,-0.23571428571428565,-0.23571428571428565,-0.4714285714285713,0.0,0.5011498850114988,-0.7071067811865476,
conditional_vae,longest_repeated_pattern_length,same_minus_unrelated,0.004,0.0,0.0,0.010666666666666666,0.2605739426057394,0.1347094633320229,
conditional_vae,longest_repeated_pattern_length,same_minus_clean,0.0033333333333333335,0.0,0.0,0.009333333333333334,0.26417358264173585,0.12155706233281995,
conditional_vae,longest_repeated_pattern_length,unrelated_minus_clean,-0.0006666666666666666,0.0,-0.002,0.0,0.7359264073592641,-0.09999999999999999,
conditional_vae,self_similarity_offdiag_mean,same_minus_unrelated,-0.005386008475561126,-0.0008955558507988161,-0.014143777826277716,0.003445097147889997,0.22797720227977203,-0.14945638920890178,
conditional_vae,self_similarity_offdiag_mean,same_minus_clean,-0.0012083571208542248,0.00025284196479848607,-0.008468789676694632,0.006363546921170498,0.7685231476852314,-0.03928723656660991,
conditional_vae,self_similarity_offdiag_mean,unrelated_minus_clean,0.004739175624288793,0.0,-0.004102773736737494,0.013881452974087407,0.30456954304569545,0.1259164131641664,
conditional_vae,self_similarity_high_fraction,same_minus_unrelated,-0.0004148754454737166,0.0,-0.0031495122398924285,0.0020611359034712743,0.7383261673832616,-0.03838360695300152,
conditional_vae,self_similarity_high_fraction,same_minus_clean,-0.002272664249112723,0.0,-0.010104166666666666,0.0028542250732031247,0.57994200579942,-0.08150453892157576,
conditional_vae,self_similarity_high_fraction,unrelated_minus_clean,-0.0018292074374291756,0.0,-0.007951800364070685,0.0020754068589633836,0.5745425457454254,-0.08691199508321433,
conditional_vae,groove_consistency,same_minus_unrelated,0.008411980347037457,0.01061958874458873,-0.01192658248469759,0.02836515228648841,0.38976102389761025,0.1015278152337443,
conditional_vae,groove_consistency,same_minus_clean,-0.003875780718874266,0.010287226001511718,-0.024084885886460343,0.015762256838679507,0.7145285471452855,-0.046921415052440414,
conditional_vae,groove_consistency,unrelated_minus_clean,-0.0064190670429384615,0.0,-0.02462231214186849,0.011775816566368395,0.48155184481551844,-0.08423087539309485,
conditional_vae,grooving_pattern_similarity,same_minus_unrelated,0.00834600396098914,0.010248015873015902,-0.012443984237412338,0.027719018404475472,0.39376062393760625,0.1014662396925393,
conditional_vae,grooving_pattern_similarity,same_minus_clean,-0.0031333774415485413,0.011352040816326535,-0.022781862542435617,0.01612543143144448,0.76992300769923,-0.03853790896305693,
conditional_vae,grooving_pattern_similarity,unrelated_minus_clean,-0.00562312398977017,-0.0009737484737484814,-0.023510069911236543,0.012547663691607872,0.5375462453754625,-0.07471842010290175,
conditional_vae,ioi_mean,same_minus_unrelated,-0.0013797512035584457,0.0,-0.04025700171622991,0.03678917814462029,0.9559044095590441,-0.007067320281036061,
conditional_vae,ioi_mean,same_minus_clean,0.023048831521031224,-0.005737595737595913,-0.03508367795020645,0.09849813183992417,0.5337466253374663,0.06724582001950559,
conditional_vae,ioi_mean,unrelated_minus_clean,0.024428582724589677,-0.004603174603174609,-0.041235936704957406,0.10171902789943264,0.5091490850914908,0.06737925391806614,
conditional_vae,ioi_variance,same_minus_unrelated,0.3559239688694884,0.0,-0.11172013890748486,1.1888974720740444,0.45755424457554245,0.09300812015278348,
conditional_vae,ioi_variance,same_minus_clean,0.5625310160120462,0.006973285911350444,0.03922930879345374,1.5621196379196713,0.00039996000399960006,0.11647746790180427,
conditional_vae,ioi_variance,unrelated_minus_clean,0.20660704714255787,0.0,0.02268265817575772,0.4687109034018772,0.0165983401659834,0.17468477566989227,
conditional_vae,ioi_entropy,same_minus_unrelated,0.03432614563891536,0.003567256986511891,0.0004922709414443293,0.06719257773619786,0.046795320467953205,0.20382052136741755,
conditional_vae,ioi_entropy,same_minus_clean,0.02970136499789931,0.006427122871736413,-0.0018470140396950128,0.06271733830234358,0.06579342065793421,0.18187616555447192,
conditional_vae,ioi_entropy,unrelated_minus_clean,-0.004624780641016057,0.0,-0.032885660868369894,0.02319051493545119,0.7423257674232576,-0.031831652285624644,
conditional_vae,ioi_jsd_to_receiver,same_minus_unrelated,-0.006838651776282927,-0.00029822880462969034,-0.015810995535625417,0.0024178989327287037,0.1471852814718528,-0.1452462499526323,
conditional_vae,ioi_jsd_to_receiver,same_minus_clean,-0.004563336430453573,-0.003259889525556843,-0.01289945868236671,0.003407202870028229,0.26717328267173285,-0.1093532712591811,
conditional_vae,ioi_jsd_to_receiver,unrelated_minus_clean,0.002275315345829354,0.0,-0.009861159828307691,0.013489930614135155,0.684931506849315,0.037835512724817194,
conditional_vae,duration_jsd_to_receiver,same_minus_unrelated,0.0033860636771708913,0.00329659574847517,-0.003016831592081202,0.009936423159400083,0.2999700029997,0.10317186450729858,
conditional_vae,duration_jsd_to_receiver,same_minus_clean,0.0019192028694139426,3.9258012663537234e-05,-0.0041450834348482485,0.008021135694856851,0.5383461653834617,0.06211664929498439,
conditional_vae,duration_jsd_to_receiver,unrelated_minus_clean,-0.001466860807756949,0.0016246864914052153,-0.008300682948030656,0.005007083962575802,0.6827317268273173,-0.04317950217937393,
conditional_vae,duration_entropy,same_minus_unrelated,-0.0011273963159259624,-0.016300316405510162,-0.03481778582587997,0.0340666261383204,0.9367063293670633,-0.006361455307650857,
conditional_vae,duration_entropy,same_minus_clean,-0.004749527157631007,0.0007742976781663913,-0.033715476293677514,0.0239609936799148,0.7393260673932607,-0.03192077871087293,
conditional_vae,duration_entropy,unrelated_minus_clean,-0.0036221308417050454,-0.0023557805119906045,-0.031415250805491714,0.025133839138377495,0.8169183081691831,-0.02507005004587669,
conditional_vae,onset_pattern_entropy,same_minus_unrelated,0.004494986863055983,0.0,-0.024421998893850314,0.03332808936269404,0.7735226477352265,0.030492177740755997,
conditional_vae,onset_pattern_entropy,same_minus_clean,0.02330742933040197,0.0,-0.0038292455124898776,0.053118440048999224,0.09479052094790522,0.1597428695342433,
conditional_vae,onset_pattern_entropy,unrelated_minus_clean,0.018812442467345983,0.0,-0.010684674833354512,0.049616518467655,0.22957704229577042,0.12150009857899342,
conditional_vae,rhythmic_density,same_minus_unrelated,-0.051009712074418095,0.0,-0.36163606598738995,0.25105555555555503,0.7391260873912608,-0.032393654212356564,
conditional_vae,rhythmic_density,same_minus_clean,-0.1070391067538127,0.0,-0.38304093137254913,0.15394693355119823,0.43055694430556946,-0.0784798407354074,
conditional_vae,rhythmic_density,unrelated_minus_clean,-0.056029394679394585,0.0,-0.36329411583786597,0.2529407846320346,0.7323267673232676,-0.03534120421364059,
conditional_vae,pitch_class_entropy,same_minus_unrelated,-0.014186719879482891,0.0051729247145280155,-0.04773771214566103,0.01609094976280974,0.37736226377362264,-0.08803614543209552,
conditional_vae,pitch_class_entropy,same_minus_clean,-0.0124804264460383,0.0100321776598149,-0.04233200280947454,0.015296760136109797,0.3875612438756124,-0.08467392564067426,
conditional_vae,pitch_class_entropy,unrelated_minus_clean,0.0017062934334445912,-0.0001180715181412495,-0.025176179143127288,0.028377525161456096,0.9199080091990801,0.012377422189173076,
conditional_vae,pitch_class_histogram_jsd_to_receiver,same_minus_unrelated,-0.0012167131043246792,-0.0030946154927651986,-0.008518967198460358,0.0058962974075505055,0.7433256674332567,-0.03339556407942894,
conditional_vae,pitch_class_histogram_jsd_to_receiver,same_minus_clean,-0.006639922885011048,-0.007384796461787781,-0.013849898355957613,0.0007895769604078603,0.0827917208279172,-0.17676105192578673,
conditional_vae,pitch_class_histogram_jsd_to_receiver,unrelated_minus_clean,-0.005423209780686366,-0.004909776440385552,-0.012929207844514734,0.0017466582441004006,0.14158584141585842,-0.14354497585160533,
conditional_vae,scale_consistency,same_minus_unrelated,0.002195157536037219,0.0,-0.0018401476254752854,0.006533501957402972,0.29417058294170584,0.10423596121052489,
conditional_vae,scale_consistency,same_minus_clean,-0.0016396704321189326,5.551115123125783e-17,-0.0056889521802306504,0.0023954549784537572,0.42275772422757724,-0.08001336023747645,
conditional_vae,scale_consistency,unrelated_minus_clean,-0.0038348279681561515,-5.551115123125783e-17,-0.008760346930677582,0.0009856982284627144,0.11478852114788521,-0.15620759442993237,
conditional_vae,pitch_interval_mean,same_minus_unrelated,0.020742703958893882,0.011956521739130505,-0.02380650940698423,0.06546484131101743,0.3671632836716328,0.08843489830373451,
conditional_vae,pitch_interval_mean,same_minus_clean,0.03649376512552964,0.008002190441785269,-0.011214989856625697,0.08494275750325808,0.133986601339866,0.14926696622103866,
conditional_vae,pitch_interval_mean,unrelated_minus_clean,0.015751061166635754,-0.0035024154589372164,-0.031515087072964,0.06443954357214596,0.5221477852214779,0.06477060975244417,
conditional_vae,pitch_interval_variance,same_minus_unrelated,-24.91793733496828,-0.5052083333333428,-79.22681187785557,7.14111736823943,0.36136386361363865,-0.0980156966354398,
conditional_vae,pitch_interval_variance,same_minus_clean,-10.895647866676741,-1.2763047194336217,-33.43982698704795,3.338038105305298,0.20377962203779623,-0.11441684815357835,
conditional_vae,pitch_interval_variance,unrelated_minus_clean,14.022289468291536,-1.3322013165972741,-7.970020818045433,50.9379905166284,0.5267473252674733,0.08407718509041405,
conditional_vae,pitch_interval_jsd_to_receiver,same_minus_unrelated,-0.0053313025178374175,-0.004401249035750038,-0.012138145127650648,0.0014947222904920319,0.1257874212578742,-0.15196911701480298,
conditional_vae,pitch_interval_jsd_to_receiver,same_minus_clean,-0.007404739519170852,-0.004409738556255677,-0.013161900755878605,-0.0017117879743350143,0.012798720127987202,-0.24992544108378123,
conditional_vae,pitch_interval_jsd_to_receiver,unrelated_minus_clean,-0.0020734370013334334,-0.0005667019524533135,-0.008587046848834637,0.004330065050267201,0.5271472852714728,-0.06318435519980029,
conditional_vae,pitch_range,same_minus_unrelated,-0.6326666666666666,-0.16666666666666785,-1.7906666666666673,0.2486666666666668,0.20377962203779623,-0.11786411195261183,
conditional_vae,pitch_range,same_minus_clean,-0.4756190476190481,-0.03333333333333499,-1.5561023809523815,0.27039761904761855,0.2983701629837016,-0.10056468836593868,
conditional_vae,pitch_range,unrelated_minus_clean,0.15704761904761852,-0.10000000000000142,-0.30895238095238137,0.6285738095238087,0.5225477452254774,0.06529475480677445,
conditional_vae,used_pitch_classes,same_minus_unrelated,-0.03333333333333332,-0.06666666666666643,-0.14666666666666664,0.07599999999999997,0.5807419258074192,-0.05796185374668061,
conditional_vae,used_pitch_classes,same_minus_clean,-0.06933333333333325,-0.06666666666666643,-0.16933333333333322,0.027333333333333463,0.17918208179182082,-0.1363233781278321,
conditional_vae,used_pitch_classes,unrelated_minus_clean,-0.03599999999999993,0.0,-0.13733333333333322,0.06400000000000004,0.47695230476952305,-0.07106133110481426,
conditional_vae,tonal_key_consistency,same_minus_unrelated,0.002195157536037219,0.0,-0.0018348467057214223,0.0064710094430417316,0.30616938306169383,0.10423596121052489,
conditional_vae,tonal_key_consistency,same_minus_clean,-0.0016396704321189326,5.551115123125783e-17,-0.005754204826680209,0.0023517454581502076,0.42455754424557546,-0.08001336023747645,
conditional_vae,tonal_key_consistency,unrelated_minus_clean,-0.0038348279681561515,-5.551115123125783e-17,-0.008617489353403087,0.0009759433144267486,0.11378862113788621,-0.15620759442993237,
conditional_vae,note_density,same_minus_unrelated,-0.051009712074418095,0.0,-0.3545647369025314,0.25433920164258367,0.7447255274472553,-0.032393654212356564,
conditional_vae,note_density,same_minus_clean,-0.1070391067538127,0.0,-0.38023786492374734,0.14916353758169934,0.43175682431756823,-0.0784798407354074,
conditional_vae,note_density,unrelated_minus_clean,-0.056029394679394585,0.0,-0.36257753108003093,0.2556375497650499,0.7305269473052695,-0.03534120421364059,
conditional_vae,polyphony,same_minus_unrelated,-0.0052558373617130226,-0.031441787934922805,-0.16450129704992805,0.15283860806529742,0.9415058494150585,-0.0064263983751197415,
conditional_vae,polyphony,same_minus_clean,0.04791550181068763,-0.024143340319810913,-0.11008583848703057,0.2037463293143882,0.5489451054894511,0.05901904068164114,
conditional_vae,polyphony,unrelated_minus_clean,0.053171339172400654,-0.054411316524320075,-0.10909051481527697,0.23141292302472513,0.5477452254774523,0.06193706197959427,
conditional_vae,polyphony_rate,same_minus_unrelated,-0.000915520328671498,0.008056705774097103,-0.012985532332195836,0.010571897526455779,0.8775122487751225,-0.0152025976372367,
conditional_vae,polyphony_rate,same_minus_clean,-0.011320466289798355,-0.007065897065896998,-0.0248388730639406,0.0013802359901317095,0.08239176082391761,-0.170979404116917,
conditional_vae,polyphony_rate,unrelated_minus_clean,-0.010404945961126857,-0.0014021164021164045,-0.023348324091296422,0.0023019683112012316,0.11118888111188881,-0.15891276036272528,
conditional_vae,empty_beat_rate,same_minus_unrelated,4.733905048339537e-05,0.0020833333333333814,-0.0069929416480009185,0.007073987555997273,0.9943005699430058,0.0013070420405945546,
conditional_vae,empty_beat_rate,same_minus_clean,-0.0006703592295504068,-0.002083333333333326,-0.00821186314740544,0.007234744937116253,0.8439156084391561,-0.016972753496195384,
conditional_vae,empty_beat_rate,unrelated_minus_clean,-0.0007176982800338023,-0.00520833333333337,-0.007343115565446973,0.005873665437267422,0.827917208279172,-0.02066628266122182,
conditional_vae,empty_measure_rate,same_minus_unrelated,-0.0009673615972377586,0.0,-0.006467361597237759,0.004411631920138105,0.7285271472852715,-0.034801064122653304,
conditional_vae,empty_measure_rate,same_minus_clean,-0.004567369776193306,0.0,-0.010622925331748861,0.0013770746682511392,0.12838716128387162,-0.14879086940743894,
conditional_vae,empty_measure_rate,unrelated_minus_clean,-0.003600008178955548,0.0,-0.009166666871140556,0.0019780549421338856,0.1977802219778022,-0.12570395170626578,
conditional_vae,qualified_note_ratio,same_minus_unrelated,5.725752508361326e-05,0.0,-0.002666845039018947,0.002837773690078054,0.9879012098790121,0.00414487595743485,
conditional_vae,qualified_note_ratio,same_minus_clean,0.003467017330495584,0.0,0.0006967480997263422,0.0065085861457383,0.0131986801319868,0.2303121617927192,
conditional_vae,qualified_note_ratio,unrelated_minus_clean,0.003409759805411971,0.0,0.0008799230769230707,0.006186737154150205,0.0065993400659934,0.24369386648400418,
conditional_vae,average_note_duration,same_minus_unrelated,-0.07440348393630886,-0.01734161490683228,-0.24099442439282476,0.08559274301869074,0.38136186381361864,-0.08817259989327468,
conditional_vae,average_note_duration,same_minus_clean,0.01135199282763522,-0.010999999999999677,-0.10981944641636823,0.1421444023799753,0.8877112288771123,0.017380891557732425,
conditional_vae,average_note_duration,unrelated_minus_clean,0.08575547676394407,0.022859788359788857,-0.0503490883887582,0.22878615674066977,0.22757724227577242,0.11810375021188485,
conditional_vae,duration_variance,same_minus_unrelated,-2.3216961923617614,-0.27903992360530694,-5.527141236342354,0.4186141224014028,0.10418958104189581,-0.15089070802508348,
conditional_vae,duration_variance,same_minus_clean,-1.8983402467494321,-0.12150342592592622,-5.4087329376976365,0.5854964126893731,0.1693830616938306,-0.12424784758334008,
conditional_vae,duration_variance,unrelated_minus_clean,0.42335594561232914,0.011111666666666681,-1.5862829074933638,2.624912198461347,0.7125287471252875,0.03852399226496959,
conditional_vae,pitch_range,same_minus_unrelated,-0.6326666666666666,-0.16666666666666785,-1.8040166666666668,0.24734999999999993,0.21097890210978903,-0.11786411195261183,
conditional_vae,pitch_range,same_minus_clean,-0.4756190476190481,-0.03333333333333499,-1.521314285714286,0.29708571428571307,0.3103689631036896,-0.10056468836593868,
conditional_vae,pitch_range,unrelated_minus_clean,0.15704761904761852,-0.10000000000000142,-0.31048095238095286,0.6206690476190472,0.5215478452154785,0.06529475480677445,
conditional_vae,used_pitch_classes,same_minus_unrelated,-0.03333333333333332,-0.06666666666666643,-0.15133333333333326,0.07600000000000003,0.5685431456854314,-0.05796185374668061,
conditional_vae,used_pitch_classes,same_minus_clean,-0.06933333333333325,-0.06666666666666643,-0.1713333333333332,0.0306666666666667,0.1795820417958204,-0.1363233781278321,
conditional_vae,used_pitch_classes,unrelated_minus_clean,-0.03599999999999993,0.0,-0.13533333333333325,0.0646666666666667,0.4737526247375263,-0.07106133110481426,
conditional_vae,notes_per_bar,same_minus_unrelated,-0.051009712074418095,0.0,-0.35375026762997364,0.25845383923266263,0.7351264873512648,-0.032393654212356564,
conditional_vae,notes_per_bar,same_minus_clean,-0.1070391067538127,0.0,-0.38167926470588254,0.14610887527233082,0.43755624437556245,-0.0784798407354074,
conditional_vae,notes_per_bar,unrelated_minus_clean,-0.056029394679394585,0.0,-0.37055383912383894,0.24933370957745962,0.7223277672232776,-0.03534120421364059,
conditional_vae,onset_density,same_minus_unrelated,-4.7339050483398984e-05,-0.002083333333333326,-0.00714847514292875,0.006866059027777776,0.9903009699030098,-0.0013070420405946544,
conditional_vae,onset_density,same_minus_clean,0.0006703592295504091,0.002083333333333326,-0.00720955947341058,0.008053871682511392,0.8741125887411259,0.016972753496195446,
conditional_vae,onset_density,unrelated_minus_clean,0.0007176982800338069,0.005208333333333329,-0.0060917119448533966,0.007494877350810738,0.8539146085391461,0.020666282661221953,
conditional_vae,pitch_class_jsd,same_minus_unrelated,-0.0012167131043246792,-0.0030946154927651986,-0.00833060005375737,0.005720326776439331,0.7437256274372562,-0.03339556407942894,
conditional_vae,pitch_class_jsd,same_minus_clean,-0.006639922885011048,-0.007384796461787781,-0.014029095194487397,0.0007481210249002675,0.0795920407959204,-0.17676105192578673,
conditional_vae,pitch_class_jsd,unrelated_minus_clean,-0.005423209780686366,-0.004909776440385552,-0.012846615132988468,0.0020048510940278144,0.1563843615638436,-0.14354497585160533,
conditional_vae,pitch_interval_jsd,same_minus_unrelated,-0.0053313025178374175,-0.004401249035750038,-0.012193967220154974,0.0015420910320892995,0.12998700129987,-0.15196911701480298,
conditional_vae,pitch_interval_jsd,same_minus_clean,-0.007404739519170852,-0.004409738556255677,-0.01333603157463202,-0.0016329814808060013,0.013998600139986002,-0.24992544108378123,
conditional_vae,pitch_interval_jsd,unrelated_minus_clean,-0.0020734370013334334,-0.0005667019524533135,-0.00858915134333155,0.004358137422591911,0.5305469453054694,-0.06318435519980029,
conditional_vae,ioi_jsd,same_minus_unrelated,-0.006838651776282927,-0.00029822880462969034,-0.015855624317116075,0.0022621508055223737,0.13658634136586342,-0.1452462499526323,
conditional_vae,ioi_jsd,same_minus_clean,-0.004563336430453573,-0.003259889525556843,-0.013118189829132643,0.0031669492860541717,0.2695730426957304,-0.1093532712591811,
conditional_vae,ioi_jsd,unrelated_minus_clean,0.002275315345829354,0.0,-0.009921691229242755,0.013567295717596621,0.6683331666833316,0.037835512724817194,
conditional_vae,duration_jsd,same_minus_unrelated,0.0033860636771708913,0.00329659574847517,-0.0030850567660542713,0.009655426303369288,0.30296970302969706,0.10317186450729858,
conditional_vae,duration_jsd,same_minus_clean,0.0019192028694139426,3.9258012663537234e-05,-0.003976126783498458,0.00795700834003864,0.5241475852414759,0.06211664929498439,
conditional_vae,duration_jsd,unrelated_minus_clean,-0.001466860807756949,0.0016246864914052153,-0.008209629636123747,0.004786014761589806,0.6739326067393261,-0.04317950217937393,
conditional_vae,density_wasserstein,same_minus_unrelated,-0.1346720792079207,0.0,-0.39624427392739286,0.12316118151815232,0.30196980301969806,-0.10094288409234327,
conditional_vae,density_wasserstein,same_minus_clean,0.052700726072607305,0.0,-0.157529287128713,0.2850337211221123,0.6403359664033597,0.04678937077335706,
conditional_vae,density_wasserstein,unrelated_minus_clean,0.18737280528052802,0.0,-0.06594835313531366,0.4369139983498349,0.144985501449855,0.14376176580101802,
conditional_vae,ioi_wasserstein,same_minus_unrelated,-0.012075844425101859,0.0,-0.03812654174222368,0.013549841824429693,0.35096490350964904,-0.09204388256292163,
conditional_vae,ioi_wasserstein,same_minus_clean,0.007263595436466721,-0.00417491749174918,-0.041337698921540475,0.07076576662226665,0.8973102689731027,0.025065099720817767,
conditional_vae,ioi_wasserstein,unrelated_minus_clean,0.01933943986156858,0.0,-0.039009842711468956,0.08557648577975932,0.561943805619438,0.060365773148170924,
conditional_vae,duration_wasserstein,same_minus_unrelated,-0.009402178217821744,0.021768976897689696,-0.14312419141914196,0.11496427392739267,0.9085091490850915,-0.014275389387697861,
conditional_vae,duration_wasserstein,same_minus_clean,0.06310919377652058,0.021679867986798954,-0.028920470532767483,0.17394211951909472,0.20357964203579643,0.11999330261964054,
conditional_vae,duration_wasserstein,unrelated_minus_clean,0.07251137199434234,0.01706270627062728,-0.03226306718529,0.197209004950495,0.18898110188981102,0.12113938526970426,
conditional_vae,pitch_interval_wasserstein,same_minus_unrelated,-0.10042409240924087,0.04309900990099047,-0.5513089570957097,0.1869306617161716,0.704929507049295,-0.0502950384895487,
conditional_vae,pitch_interval_wasserstein,same_minus_clean,0.08786509193776522,0.13606930693069308,-0.07325488260254591,0.23105172819424788,0.255974402559744,0.11300696079492711,
conditional_vae,pitch_interval_wasserstein,unrelated_minus_clean,0.18828918434700614,0.08014851485148466,-0.032059855256954296,0.5123228592644978,0.12658734126587343,0.12787576682612886,
