key,model,metric,family,n_families,raw_p,domain_holm_p,global_holm_p,mean_effect,ci95_low,ci95_high
conditional_vae|bar_pair_similarity|same_minus_unrelated,conditional_vae,bar_pair_similarity,structure,64,0.1473852614738526,1.0,1.0,-0.006277291846652242,-0.014833711371347109,0.002198584479736518
transformer_l|bar_pair_similarity|same_minus_unrelated,transformer_l,bar_pair_similarity,structure,60,0.08459154084591541,1.0,1.0,0.008169291572142905,-0.0012247474002924001,0.01819016573152136
conditional_vae|si_short|same_minus_unrelated,conditional_vae,si_short,structure,64,0.2535746425357464,1.0,1.0,0.001673768254771544,0.0,0.004736425398431977
transformer_l|si_short|same_minus_unrelated,transformer_l,si_short,structure,60,0.7277272272772722,1.0,1.0,0.0002314814814814815,-0.00013888888888888883,0.0008333333333333334
conditional_vae|si_medium|same_minus_unrelated,conditional_vae,si_medium,structure,5,0.14678532146785322,1.0,1.0,0.010240883390393193,0.0,0.02258656240273887
transformer_l|si_medium|same_minus_unrelated,transformer_l,si_medium,structure,5,0.6739326067393261,1.0,1.0,0.00226521164021164,-0.004315476190476191,0.01111111111111111
conditional_vae|motif_repetition_rate|same_minus_unrelated,conditional_vae,motif_repetition_rate,structure,100,0.25417458254174585,1.0,1.0,0.0011808777623019111,0.0,0.0033617555246038223
transformer_l|motif_repetition_rate|same_minus_unrelated,transformer_l,motif_repetition_rate,structure,100,0.9565043495650435,1.0,1.0,-4.13255360623781e-05,-0.0009239766081871344,0.0008
conditional_vae|repeated_pattern_count|same_minus_unrelated,conditional_vae,repeated_pattern_count,structure,100,0.26417358264173585,1.0,1.0,0.005333333333333334,0.0,0.014666666666666668
transformer_l|repeated_pattern_count|same_minus_unrelated,transformer_l,repeated_pattern_count,structure,100,0.7521247875212479,1.0,1.0,-0.002,-0.008,0.002
conditional_vae|mean_repeated_pattern_length|same_minus_unrelated,conditional_vae,mean_repeated_pattern_length,structure,2,0.5029497050294971,1.0,1.0,0.13204099821746873,0.0,0.26408199643493746
transformer_l|mean_repeated_pattern_length|same_minus_unrelated,transformer_l,mean_repeated_pattern_length,structure,1,1.0,1.0,1.0,0.0,0.0,0.0
conditional_vae|longest_repeated_pattern_length|same_minus_unrelated,conditional_vae,longest_repeated_pattern_length,structure,100,0.27917208279172084,1.0,1.0,0.004,0.0,0.010666666666666666
transformer_l|longest_repeated_pattern_length|same_minus_unrelated,transformer_l,longest_repeated_pattern_length,structure,100,1.0,1.0,1.0,0.0,-0.002,0.002
conditional_vae|self_similarity_offdiag_mean|same_minus_unrelated,conditional_vae,self_similarity_offdiag_mean,structure,64,0.22037796220377961,1.0,1.0,-0.005386008475561126,-0.014119801276026883,0.0032643200180784925
transformer_l|self_similarity_offdiag_mean|same_minus_unrelated,transformer_l,self_similarity_offdiag_mean,structure,60,0.09619038096190381,1.0,1.0,0.007960898237532864,-0.0013860247207509594,0.017935890915816207
conditional_vae|self_similarity_high_fraction|same_minus_unrelated,conditional_vae,self_similarity_high_fraction,structure,64,0.7277272272772722,1.0,1.0,-0.0004148754454737166,-0.0032082231131696547,0.0020399305555555552
transformer_l|self_similarity_high_fraction|same_minus_unrelated,transformer_l,self_similarity_high_fraction,structure,60,0.34976502349765026,1.0,1.0,0.0014419804959020636,-0.0012833903931943147,0.004695948749870316
conditional_vae|groove_consistency|same_minus_unrelated,conditional_vae,groove_consistency,rhythm,64,0.3945605439456054,1.0,1.0,0.008411980347037457,-0.011754340867526884,0.02766948204319915
transformer_l|groove_consistency|same_minus_unrelated,transformer_l,groove_consistency,rhythm,60,0.41615838416158385,1.0,1.0,-0.010896568867898993,-0.03590237592460718,0.01448244385352062
conditional_vae|grooving_pattern_similarity|same_minus_unrelated,conditional_vae,grooving_pattern_similarity,rhythm,64,0.39516048395160486,1.0,1.0,0.00834600396098914,-0.011478386217665427,0.02766012716830292
transformer_l|grooving_pattern_similarity|same_minus_unrelated,transformer_l,grooving_pattern_similarity,rhythm,60,0.40355964403559647,1.0,1.0,-0.010928842659731907,-0.03611294225567267,0.014549476652637953
conditional_vae|ioi_mean|same_minus_unrelated,conditional_vae,ioi_mean,rhythm,100,0.9501049895010499,1.0,1.0,-0.0013797512035584457,-0.03887935056192364,0.0364421597503125
transformer_l|ioi_mean|same_minus_unrelated,transformer_l,ioi_mean,rhythm,100,0.3965603439656034,1.0,1.0,-0.032369862535684274,-0.10837404225297594,0.036846999083541346
conditional_vae|ioi_variance|same_minus_unrelated,conditional_vae,ioi_variance,rhythm,100,0.4637536246375362,1.0,1.0,0.3559239688694884,-0.11345375995877,1.174232872684364
transformer_l|ioi_variance|same_minus_unrelated,transformer_l,ioi_variance,rhythm,100,0.21077892210778923,1.0,1.0,-0.1507922797759456,-0.4547725916346207,0.04831445874922602
conditional_vae|ioi_entropy|same_minus_unrelated,conditional_vae,ioi_entropy,rhythm,100,0.040195980401959805,0.8039196080391962,1.0,0.03432614563891536,0.0017628893439053913,0.06720872263533104
transformer_l|ioi_entropy|same_minus_unrelated,transformer_l,ioi_entropy,rhythm,100,0.32756724327567244,1.0,1.0,-0.015086782857912878,-0.04490663567802557,0.01570099293314004
conditional_vae|ioi_jsd_to_receiver|same_minus_unrelated,conditional_vae,ioi_jsd_to_receiver,rhythm,100,0.13358664133586642,1.0,1.0,-0.006838651776282927,-0.01598122193561384,0.0022808736597618603
transformer_l|ioi_jsd_to_receiver|same_minus_unrelated,transformer_l,ioi_jsd_to_receiver,rhythm,100,0.48975102489751027,1.0,1.0,-0.003918087591212663,-0.014986741736944186,0.00699165340300698
conditional_vae|duration_jsd_to_receiver|same_minus_unrelated,conditional_vae,duration_jsd_to_receiver,rhythm,100,0.286971302869713,1.0,1.0,0.0033860636771708913,-0.002947804598574137,0.00972183145657422
transformer_l|duration_jsd_to_receiver|same_minus_unrelated,transformer_l,duration_jsd_to_receiver,rhythm,100,0.07439256074392561,1.0,1.0,-0.007312348735425995,-0.015660398641674986,0.0006777199564059493
conditional_vae|duration_entropy|same_minus_unrelated,conditional_vae,duration_entropy,rhythm,100,0.9563043695630437,1.0,1.0,-0.0011273963159259624,-0.03582516773072744,0.03326081224313168
transformer_l|duration_entropy|same_minus_unrelated,transformer_l,duration_entropy,rhythm,100,0.5887411258874112,1.0,1.0,-0.009204911767516501,-0.04177840694549121,0.0224596221527412
conditional_vae|onset_pattern_entropy|same_minus_unrelated,conditional_vae,onset_pattern_entropy,rhythm,100,0.7577242275772422,1.0,1.0,0.004494986863055983,-0.023967790565057167,0.032714863876676374
transformer_l|onset_pattern_entropy|same_minus_unrelated,transformer_l,onset_pattern_entropy,rhythm,100,0.8937106289371063,1.0,1.0,-0.0017957904946588276,-0.02724625014473358,0.02390226274670329
conditional_vae|rhythmic_density|same_minus_unrelated,conditional_vae,rhythmic_density,rhythm,100,0.7451254874512548,1.0,1.0,-0.051009712074418095,-0.357920630039895,0.25749222222222196
transformer_l|rhythmic_density|same_minus_unrelated,transformer_l,rhythmic_density,rhythm,100,0.6027397260273972,1.0,1.0,0.0809898328824025,-0.2265693573841018,0.37800355465369384
conditional_vae|pitch_class_entropy|same_minus_unrelated,conditional_vae,pitch_class_entropy,tonal,100,0.37496250374962503,1.0,1.0,-0.014186719879482891,-0.04765088835809245,0.015153814571075277
transformer_l|pitch_class_entropy|same_minus_unrelated,transformer_l,pitch_class_entropy,tonal,100,0.8713128687131287,1.0,1.0,-0.0019861445975953985,-0.029047248181302346,0.02436691519106761
conditional_vae|pitch_class_histogram_jsd_to_receiver|same_minus_unrelated,conditional_vae,pitch_class_histogram_jsd_to_receiver,tonal,100,0.7319268073192681,1.0,1.0,-0.0012167131043246792,-0.0083219712601359,0.005829883943530388
transformer_l|pitch_class_histogram_jsd_to_receiver|same_minus_unrelated,transformer_l,pitch_class_histogram_jsd_to_receiver,tonal,100,0.00019998000199980003,0.0035996400359964006,0.016798320167983202,-0.028544026255266027,-0.03914531974963987,-0.018672519359994564
conditional_vae|scale_consistency|same_minus_unrelated,conditional_vae,scale_consistency,tonal,100,0.29077092290770923,1.0,1.0,0.002195157536037219,-0.0017283985201805394,0.006609733079548535
transformer_l|scale_consistency|same_minus_unrelated,transformer_l,scale_consistency,tonal,100,0.3721627837216278,1.0,1.0,0.002124869735739303,-0.002499084827410905,0.006793338334773113
conditional_vae|pitch_interval_mean|same_minus_unrelated,conditional_vae,pitch_interval_mean,tonal,100,0.39936006399360063,1.0,1.0,0.020742703958893882,-0.025939155508041465,0.06681161181671097
transformer_l|pitch_interval_mean|same_minus_unrelated,transformer_l,pitch_interval_mean,tonal,100,0.255974402559744,1.0,1.0,-0.026475467764712626,-0.07424842626956707,0.020889010778224314
conditional_vae|pitch_interval_variance|same_minus_unrelated,conditional_vae,pitch_interval_variance,tonal,100,0.34796520347965204,1.0,1.0,-24.91793733496828,-80.34553453949309,7.084396677063564
transformer_l|pitch_interval_variance|same_minus_unrelated,transformer_l,pitch_interval_variance,tonal,100,0.7393260673932607,1.0,1.0,1.808030047966521,-7.215576740623305,12.014927222436928
conditional_vae|pitch_interval_jsd_to_receiver|same_minus_unrelated,conditional_vae,pitch_interval_jsd_to_receiver,tonal,100,0.1401859814018598,1.0,1.0,-0.0053313025178374175,-0.011916462766728267,0.0017133087618500117
transformer_l|pitch_interval_jsd_to_receiver|same_minus_unrelated,transformer_l,pitch_interval_jsd_to_receiver,tonal,100,0.00019998000199980003,0.0035996400359964006,0.016798320167983202,-0.027211489578421188,-0.03671795780918241,-0.01790695967830103
conditional_vae|pitch_range|same_minus_unrelated,conditional_vae,pitch_range,tonal,100,0.19218078192180782,1.0,1.0,-0.6326666666666666,-1.8200333333333336,0.24268333333333295
transformer_l|pitch_range|same_minus_unrelated,transformer_l,pitch_range,tonal,100,0.34236576342365765,1.0,1.0,0.2886666666666668,-0.28934999999999994,0.9046666666666665
conditional_vae|used_pitch_classes|same_minus_unrelated,conditional_vae,used_pitch_classes,tonal,100,0.5583441655834417,1.0,1.0,-0.03333333333333332,-0.14866666666666667,0.07533333333333334
transformer_l|used_pitch_classes|same_minus_unrelated,transformer_l,used_pitch_classes,tonal,100,0.4163583641635836,1.0,1.0,-0.04333333333333332,-0.14868333333333336,0.058666666666666686
conditional_vae|tonal_key_consistency|same_minus_unrelated,conditional_vae,tonal_key_consistency,tonal,100,0.2967703229677032,1.0,1.0,0.002195157536037219,-0.0017268449243992299,0.00633886413333033
transformer_l|tonal_key_consistency|same_minus_unrelated,transformer_l,tonal_key_consistency,tonal,100,0.3675632436756324,1.0,1.0,0.002124869735739303,-0.0025491500624979005,0.006933209717416216
conditional_vae|note_density|same_minus_unrelated,conditional_vae,note_density,surface_sanity,100,0.7467253274672533,1.0,1.0,-0.051009712074418095,-0.3607858728417551,0.2564810862829977
transformer_l|note_density|same_minus_unrelated,transformer_l,note_density,surface_sanity,100,0.5969403059694031,1.0,1.0,0.0809898328824025,-0.2260434133905884,0.3813547056254717
conditional_vae|polyphony|same_minus_unrelated,conditional_vae,polyphony,surface_sanity,100,0.9669033096690332,1.0,1.0,-0.0052558373617130226,-0.17013904063098875,0.15484456684761985
transformer_l|polyphony|same_minus_unrelated,transformer_l,polyphony,surface_sanity,100,0.145985401459854,1.0,1.0,0.053859695714390136,-0.018139927383000944,0.12857420262108474
conditional_vae|polyphony_rate|same_minus_unrelated,conditional_vae,polyphony_rate,surface_sanity,100,0.8881111888811118,1.0,1.0,-0.000915520328671498,-0.012641702006215593,0.010467262088068698
transformer_l|polyphony_rate|same_minus_unrelated,transformer_l,polyphony_rate,surface_sanity,100,0.415958404159584,1.0,1.0,0.0050241207840683,-0.006863080850698192,0.01651176318311718
conditional_vae|empty_beat_rate|same_minus_unrelated,conditional_vae,empty_beat_rate,surface_sanity,100,0.9993000699930007,1.0,1.0,4.733905048339537e-05,-0.0069617734121850796,0.007187624448484303
transformer_l|empty_beat_rate|same_minus_unrelated,transformer_l,empty_beat_rate,surface_sanity,100,0.8783121687831217,1.0,1.0,0.0005945526065495116,-0.007241033675789869,0.008484756944444435
conditional_vae|empty_measure_rate|same_minus_unrelated,conditional_vae,empty_measure_rate,surface_sanity,100,0.7269273072692731,1.0,1.0,-0.0009673615972377586,-0.006522917152793312,0.004344704848957942
transformer_l|empty_measure_rate|same_minus_unrelated,transformer_l,empty_measure_rate,surface_sanity,100,0.46895310468953105,1.0,1.0,-0.0017743034055727558,-0.00676735466116271,0.003124051427588543
conditional_vae|qualified_note_ratio|same_minus_unrelated,conditional_vae,qualified_note_ratio,surface_sanity,100,0.9899010098990101,1.0,1.0,5.725752508361326e-05,-0.00258979487179488,0.0028762642140468153
transformer_l|qualified_note_ratio|same_minus_unrelated,transformer_l,qualified_note_ratio,surface_sanity,100,0.44495550444955506,1.0,1.0,0.000863284123284116,-0.0016165677285677363,0.0029967777130277006
conditional_vae|average_note_duration|same_minus_unrelated,conditional_vae,average_note_duration,surface_sanity,100,0.38036196380361964,1.0,1.0,-0.07440348393630886,-0.23754672580944494,0.0852815654892995
transformer_l|average_note_duration|same_minus_unrelated,transformer_l,average_note_duration,surface_sanity,100,0.9561043895610439,1.0,1.0,-0.0015817390172034916,-0.21575182853628974,0.17433905201103325
conditional_vae|duration_variance|same_minus_unrelated,conditional_vae,duration_variance,surface_sanity,100,0.09919008099190081,1.0,1.0,-2.3216961923617614,-5.463447572985904,0.39675130080927506
transformer_l|duration_variance|same_minus_unrelated,transformer_l,duration_variance,surface_sanity,100,0.9525047495250475,1.0,1.0,0.16238417861457882,-2.8371428380999215,3.4702953805539236
conditional_vae|notes_per_bar|same_minus_unrelated,conditional_vae,notes_per_bar,surface_sanity,100,0.7613238676132387,1.0,1.0,-0.051009712074418095,-0.3568727777777778,0.2603799999999997
transformer_l|notes_per_bar|same_minus_unrelated,transformer_l,notes_per_bar,surface_sanity,100,0.5865413458654135,1.0,1.0,0.0809898328824025,-0.21764499999999992,0.390643975949231
conditional_vae|onset_density|same_minus_unrelated,conditional_vae,onset_density,surface_sanity,100,0.9905009499050095,1.0,1.0,-4.7339050483398984e-05,-0.007044461805555555,0.006981267361111113
transformer_l|onset_density|same_minus_unrelated,transformer_l,onset_density,surface_sanity,100,0.8799120087991201,1.0,1.0,-0.0005945526065495107,-0.008357417189882841,0.007596467703567645
conditional_vae|density_wasserstein|same_minus_unrelated,conditional_vae,density_wasserstein,distributional,100,0.31916808319168083,1.0,1.0,-0.1346720792079207,-0.39941576567656745,0.13083299009901
transformer_l|density_wasserstein|same_minus_unrelated,transformer_l,density_wasserstein,distributional,100,0.5889411058894111,1.0,1.0,-0.06284514851485136,-0.28419576237623745,0.15677528052805287
conditional_vae|ioi_wasserstein|same_minus_unrelated,conditional_vae,ioi_wasserstein,distributional,100,0.3611638836116388,1.0,1.0,-0.012075844425101859,-0.038695164662894854,0.012913078792357256
transformer_l|ioi_wasserstein|same_minus_unrelated,transformer_l,ioi_wasserstein,distributional,100,0.0033996600339966003,0.027197280271972803,0.27877212278772123,-0.07641030645921734,-0.14668563861386139,-0.02157159618104672
conditional_vae|duration_wasserstein|same_minus_unrelated,conditional_vae,duration_wasserstein,distributional,100,0.9219078092190781,1.0,1.0,-0.009402178217821744,-0.1436304603960394,0.11740744554455439
transformer_l|duration_wasserstein|same_minus_unrelated,transformer_l,duration_wasserstein,distributional,100,0.21597840215978403,1.0,1.0,-0.09479478547854792,-0.27828288118811884,0.03517895544554457
conditional_vae|pitch_interval_wasserstein|same_minus_unrelated,conditional_vae,pitch_interval_wasserstein,distributional,100,0.7213278672132787,1.0,1.0,-0.10042409240924087,-0.5380774686468649,0.18791192409240923
transformer_l|pitch_interval_wasserstein|same_minus_unrelated,transformer_l,pitch_interval_wasserstein,distributional,100,0.12258774122587741,0.8581141885811419,1.0,-0.09567782178217817,-0.2144699290429043,0.025489305280528
