model,metric,contrast,n_families,mean_effect,median_effect,ci95_low,ci95_high,raw_p
transformer_l,pitch_class_histogram_jsd_to_receiver,same_minus_clean,100,-0.031457521273184325,-0.021540607884616578,-0.04274122252432726,-0.020962909811896482,0.00019998000199980003
transformer_l,pitch_class_histogram_jsd_to_receiver,unrelated_minus_clean,100,-0.0029134950179182818,0.0036143511240551013,-0.010876298404820055,0.004644443390632179,0.46235376462353767
transformer_l,pitch_class_histogram_jsd_to_receiver,same_minus_unrelated,100,-0.028544026255266027,-0.019723447254470464,-0.03926041579862225,-0.01845865859370724,0.00019998000199980003
transformer_l,pitch_interval_jsd_to_receiver,same_minus_clean,100,-0.03472922392199039,-0.03556424214481743,-0.04461860886545978,-0.024923581599892282,0.00019998000199980003
transformer_l,pitch_interval_jsd_to_receiver,unrelated_minus_clean,100,-0.0075177343435692025,-0.005838743860218321,-0.015105864210863327,1.2813839952250649e-05,0.050594940505949405
transformer_l,pitch_interval_jsd_to_receiver,same_minus_unrelated,100,-0.027211489578421188,-0.02332569860964942,-0.03671316279044227,-0.01800675367258675,0.00019998000199980003
transformer_l,ioi_wasserstein,same_minus_clean,100,-0.008654622275414348,-0.0040462046204620475,-0.061719596226380874,0.05036916949552097,0.7219278072192781
transformer_l,ioi_wasserstein,unrelated_minus_clean,100,0.06775568418380301,0.0,0.008364873717042058,0.15254084016973124,0.015998400159984
transformer_l,ioi_wasserstein,same_minus_unrelated,100,-0.07641030645921734,-0.0024092409240924137,-0.14686843092880714,-0.020065634842055646,0.0027997200279972004
